Month,State,Unemployment Rate
1991-07,New South Wales,8.7
1991-08,New South Wales,9
1991-09,New South Wales,9.6
1991-10,New South Wales,9
1991-11,New South Wales,9.2
1991-12,New South Wales,10.1
1992-01,New South Wales,10.7
1992-02,New South Wales,10.8
1992-03,New South Wales,9.9
1992-04,New South Wales,9.7
1992-05,New South Wales,9.8
1992-06,New South Wales,9.9
1992-07,New South Wales,10.1
1992-08,New South Wales,10.4
1992-09,New South Wales,10.3
1992-10,New South Wales,10.6
1992-11,New South Wales,10.3
1992-12,New South Wales,11.1
1993-01,New South Wales,11.6
1993-02,New South Wales,12.4
1993-03,New South Wales,11.4
1993-04,New South Wales,10.7
1993-05,New South Wales,10.3
1993-06,New South Wales,10.4
1993-07,New South Wales,9.9
1993-08,New South Wales,10.5
1993-09,New South Wales,10.4
1993-10,New South Wales,10.3
1993-11,New South Wales,10.1
1993-12,New South Wales,10.5
1994-01,New South Wales,11.2
1994-02,New South Wales,11.1
1994-03,New South Wales,10.6
1994-04,New South Wales,9.9
1994-05,New South Wales,9.5
1994-06,New South Wales,9.6
1994-07,New South Wales,9
1994-08,New South Wales,8.9
1994-09,New South Wales,9.3
1994-10,New South Wales,8.5
1994-11,New South Wales,8.2
1994-12,New South Wales,8.8
1995-01,New South Wales,9.1
1995-02,New South Wales,9.6
1995-03,New South Wales,8.7
1995-04,New South Wales,7.6
1995-05,New South Wales,7.7
1995-06,New South Wales,7.5
1995-07,New South Wales,7.1
1995-08,New South Wales,7.6
1995-09,New South Wales,7.5
1995-10,New South Wales,7.2
1995-11,New South Wales,7.4
1995-12,New South Wales,7.2
1996-01,New South Wales,8.3
1996-02,New South Wales,8.4
1996-03,New South Wales,8.4
1996-04,New South Wales,8.2
1996-05,New South Wales,7.8
1996-06,New South Wales,7.4
1996-07,New South Wales,7.4
1996-08,New South Wales,7.9
1996-09,New South Wales,8
1996-10,New South Wales,7.5
1996-11,New South Wales,7
1996-12,New South Wales,7.7
1997-01,New South Wales,8.2
1997-02,New South Wales,9.1
1997-03,New South Wales,8.1
1997-04,New South Wales,7.8
1997-05,New South Wales,7.8
1997-06,New South Wales,7.2
1997-07,New South Wales,7.6
1997-08,New South Wales,7.5
1997-09,New South Wales,7.4
1997-10,New South Wales,7.5
1997-11,New South Wales,7
1997-12,New South Wales,7
1998-01,New South Wales,7.7
1998-02,New South Wales,8.2
1998-03,New South Wales,7.7
1998-04,New South Wales,6.9
1998-05,New South Wales,7.2
1998-06,New South Wales,7
1998-07,New South Wales,6.7
1998-08,New South Wales,7
1998-09,New South Wales,7.1
1998-10,New South Wales,6.1
1998-11,New South Wales,6.9
1998-12,New South Wales,6.3
1999-01,New South Wales,7
1999-02,New South Wales,7.3
1999-03,New South Wales,6.8
1999-04,New South Wales,6.5
1999-05,New South Wales,6.1
1999-06,New South Wales,5.6
1999-07,New South Wales,5.4
1999-08,New South Wales,6.4
1999-09,New South Wales,6.8
1999-10,New South Wales,5.5
1999-11,New South Wales,5.1
1999-12,New South Wales,5.8
2000-01,New South Wales,6.2
2000-02,New South Wales,6.5
2000-03,New South Wales,6
2000-04,New South Wales,5.3
2000-05,New South Wales,5.4
2000-06,New South Wales,5.2
2000-07,New South Wales,4.6
2000-08,New South Wales,5
2000-09,New South Wales,5
2000-10,New South Wales,4.9
2000-11,New South Wales,5.2
2000-12,New South Wales,5.5
2001-01,New South Wales,5.7
2001-02,New South Wales,6.5
2001-03,New South Wales,5.7
2001-04,New South Wales,5.7
2001-05,New South Wales,5.7
2001-06,New South Wales,5.8
2001-07,New South Wales,5.4
2001-08,New South Wales,6
2001-09,New South Wales,6.3
2001-10,New South Wales,6.2
2001-11,New South Wales,6.1
2001-12,New South Wales,6
2002-01,New South Wales,6.8
2002-02,New South Wales,6.6
2002-03,New South Wales,6.4
2002-04,New South Wales,6.1
2002-05,New South Wales,6
2002-06,New South Wales,6
2002-07,New South Wales,5.4
2002-08,New South Wales,5.5
2002-09,New South Wales,6
2002-10,New South Wales,5.1
2002-11,New South Wales,5.7
2002-12,New South Wales,5.9
2003-01,New South Wales,6.4
2003-02,New South Wales,6.6
2003-03,New South Wales,6
2003-04,New South Wales,5.7
2003-05,New South Wales,5.9
2003-06,New South Wales,5.7
2003-07,New South Wales,5.6
2003-08,New South Wales,5.2
2003-09,New South Wales,5.7
2003-10,New South Wales,5.2
2003-11,New South Wales,5.3
2003-12,New South Wales,5.3
2004-01,New South Wales,5.7
2004-02,New South Wales,6
2004-03,New South Wales,5.5
2004-04,New South Wales,5.3
2004-05,New South Wales,5.4
2004-06,New South Wales,5.3
2004-07,New South Wales,5.1
2004-08,New South Wales,5.2
2004-09,New South Wales,5.1
2004-10,New South Wales,4.8
2004-11,New South Wales,5
2004-12,New South Wales,5
2005-01,New South Wales,5.5
2005-02,New South Wales,5.9
2005-03,New South Wales,5.8
2005-04,New South Wales,5
2005-05,New South Wales,5.1
2005-06,New South Wales,4.9
2005-07,New South Wales,4.5
2005-08,New South Wales,4.6
2005-09,New South Wales,5.4
2005-10,New South Wales,4.9
2005-11,New South Wales,4.9
2005-12,New South Wales,5.2
2006-01,New South Wales,6.1
2006-02,New South Wales,5.8
2006-03,New South Wales,5.1
2006-04,New South Wales,5.5
2006-05,New South Wales,5.1
2006-06,New South Wales,5.2
2006-07,New South Wales,4.5
2006-08,New South Wales,5
2006-09,New South Wales,5.3
2006-10,New South Wales,4.5
2006-11,New South Wales,4.7
2006-12,New South Wales,4.7
2007-01,New South Wales,5.4
2007-02,New South Wales,5.9
2007-03,New South Wales,5.1
2007-04,New South Wales,5.1
2007-05,New South Wales,4.8
2007-06,New South Wales,4.5
2007-07,New South Wales,4.3
2007-08,New South Wales,4.4
2007-09,New South Wales,4.7
2007-10,New South Wales,4.4
2007-11,New South Wales,4.5
2007-12,New South Wales,4.6
2008-01,New South Wales,5
2008-02,New South Wales,4.8
2008-03,New South Wales,4.5
2008-04,New South Wales,4.5
2008-05,New South Wales,4.8
2008-06,New South Wales,4.5
2008-07,New South Wales,4.3
2008-08,New South Wales,4.6
2008-09,New South Wales,4.9
2008-10,New South Wales,5
2008-11,New South Wales,5
2008-12,New South Wales,5.2
2009-01,New South Wales,6
2009-02,New South Wales,6.7
2009-03,New South Wales,6.9
2009-04,New South Wales,6.1
2009-05,New South Wales,6.5
2009-06,New South Wales,6.3
2009-07,New South Wales,5.4
2009-08,New South Wales,5.8
2009-09,New South Wales,5.4
2009-10,New South Wales,5.9
2009-11,New South Wales,5.8
2009-12,New South Wales,5.7
2010-01,New South Wales,6
2010-02,New South Wales,5.9
2010-03,New South Wales,5.7
2010-04,New South Wales,5.8
2010-05,New South Wales,5.3
2010-06,New South Wales,5.1
2010-07,New South Wales,5.1
2010-08,New South Wales,4.7
2010-09,New South Wales,5
2010-10,New South Wales,5.3
2010-11,New South Wales,4.9
2010-12,New South Wales,4.5
2011-01,New South Wales,5.2
2011-02,New South Wales,5.3
2011-03,New South Wales,5.3
2011-04,New South Wales,5.2
2011-05,New South Wales,4.9
2011-06,New South Wales,5.2
2011-07,New South Wales,4.8
2011-08,New South Wales,5.2
2011-09,New South Wales,5.5
2011-10,New South Wales,5.1
2011-11,New South Wales,4.9
2011-12,New South Wales,5.5
2012-01,New South Wales,5.4
2012-02,New South Wales,5.7
2012-03,New South Wales,4.9
2012-04,New South Wales,5
2012-05,New South Wales,5
2012-06,New South Wales,5.1
2012-07,New South Wales,4.9
2012-08,New South Wales,4.5
2012-09,New South Wales,5.3
2012-10,New South Wales,5
2012-11,New South Wales,4.8
2012-12,New South Wales,4.9
2013-01,New South Wales,5.4
2013-02,New South Wales,5.8
2013-03,New South Wales,5.8
2013-04,New South Wales,5.3
2013-05,New South Wales,5.6
2013-06,New South Wales,5.3
2013-07,New South Wales,5.3
2013-08,New South Wales,5.7
2013-09,New South Wales,5.6
2013-10,New South Wales,5.8
2013-11,New South Wales,5.7
2013-12,New South Wales,5.7
2014-01,New South Wales,6.1
2014-02,New South Wales,6.4
2014-03,New South Wales,5.5
2014-04,New South Wales,5.3
2014-05,New South Wales,5.7
2014-06,New South Wales,5.6
2014-07,New South Wales,5.6
2014-08,New South Wales,5.6
2014-09,New South Wales,5.8
2014-10,New South Wales,5.7
2014-11,New South Wales,5.8
2014-12,New South Wales,5.7
2015-01,New South Wales,6.7
2015-02,New South Wales,6.6
2015-03,New South Wales,6.2
2015-04,New South Wales,5.8
2015-05,New South Wales,5.6
2015-06,New South Wales,5.6
2015-07,New South Wales,5.8
2015-08,New South Wales,5.9
2015-09,New South Wales,5.7
2015-10,New South Wales,5.4
2015-11,New South Wales,4.9
2015-12,New South Wales,4.9
2016-01,New South Wales,6
2016-02,New South Wales,5.6
2016-03,New South Wales,5.4
2016-04,New South Wales,5.1
2016-05,New South Wales,5
2016-06,New South Wales,5
2016-07,New South Wales,5
2016-08,New South Wales,5
2016-09,New South Wales,4.8
2016-10,New South Wales,4.8
2016-11,New South Wales,4.7
2016-12,New South Wales,5
2017-01,New South Wales,5.5
2017-02,New South Wales,5.6
2017-03,New South Wales,5.3
2017-04,New South Wales,4.6
2017-05,New South Wales,4.7
2017-06,New South Wales,4.7
2017-07,New South Wales,4.9
2017-08,New South Wales,4.9
2017-09,New South Wales,4.5
2017-10,New South Wales,4.5
2017-11,New South Wales,4.5
2017-12,New South Wales,4.7
2018-01,New South Wales,5.6
2018-02,New South Wales,5.2
2018-03,New South Wales,5.3
2018-04,New South Wales,4.9
2018-05,New South Wales,4.8
2018-06,New South Wales,4.6
2018-07,New South Wales,4.8
2018-08,New South Wales,4.7
2018-09,New South Wales,4.3
2018-10,New South Wales,4.3
2018-11,New South Wales,4.1
2018-12,New South Wales,4.3
2019-01,New South Wales,4.3
2019-02,New South Wales,4.7
2019-03,New South Wales,4.6
2019-04,New South Wales,4.5
2019-05,New South Wales,4.5
2019-06,New South Wales,4.6
2019-07,New South Wales,4.5
2019-08,New South Wales,4.4
2019-09,New South Wales,4.4
2019-10,New South Wales,4.7
2019-11,New South Wales,4.4
2019-12,New South Wales,4.4
2020-01,New South Wales,4.8
2020-02,New South Wales,5
2020-03,New South Wales,5.1
2020-04,New South Wales,6.3
2020-05,New South Wales,6.3
2020-06,New South Wales,6.6
2020-07,New South Wales,7.1
2020-08,New South Wales,6.4
2020-09,New South Wales,6.8
2020-10,New South Wales,6.3
2020-11,New South Wales,6
2020-12,New South Wales,6.2
2021-01,New South Wales,6.4
2021-02,New South Wales,6
2021-03,New South Wales,5.8
2021-04,New South Wales,5.4
2021-05,New South Wales,5
2021-06,New South Wales,5.1
2021-07,New South Wales,4.5
2021-08,New South Wales,4.7
2021-09,New South Wales,4.5
2021-10,New South Wales,5.3
2021-11,New South Wales,4.4
2021-12,New South Wales,3.9
2022-01,New South Wales,4.5
2022-02,New South Wales,4
2022-03,New South Wales,4.1
2022-04,New South Wales,3.5
2022-05,New South Wales,4
2022-06,New South Wales,3.3
2022-07,New South Wales,3.3
2022-08,New South Wales,3.5
2022-09,New South Wales,3.3
2022-10,New South Wales,3
2022-11,New South Wales,3.1
2022-12,New South Wales,3.1
2023-01,New South Wales,3.4
2023-02,New South Wales,3.4
2023-03,New South Wales,3.5
2023-04,New South Wales,3.4
2023-05,New South Wales,3.1
2023-06,New South Wales,2.9
2023-07,New South Wales,3.3
2023-08,New South Wales,3.6
2023-09,New South Wales,3.3
2023-10,New South Wales,3.4
2023-11,New South Wales,3.3
2023-12,New South Wales,3.3
2024-01,New South Wales,4.5
2024-02,New South Wales,3.9
2024-03,New South Wales,4
2024-04,New South Wales,4
2024-05,New South Wales,3.7
2024-06,New South Wales,3.8
2024-07,New South Wales,3.9
2024-08,New South Wales,4.1
2024-09,New South Wales,3.7
2024-10,New South Wales,3.9
2024-11,New South Wales,3.7
2024-12,New South Wales,3.6
2025-01,New South Wales,4.4
2025-02,New South Wales,4.3
2025-03,New South Wales,4.4
2025-04,New South Wales,3.9
2025-05,New South Wales,4.1
2025-06,New South Wales,4.3
2025-07,New South Wales,3.9
2025-08,New South Wales,4.3
1991-07,Victoria,9.8
1991-08,Victoria,9.7
1991-09,Victoria,10.6
1991-10,Victoria,9.8
1991-11,Victoria,10.2
1991-12,Victoria,11.2
1992-01,Victoria,11.6
1992-02,Victoria,12.1
1992-03,Victoria,11.9
1992-04,Victoria,11.5
1992-05,Victoria,11.6
1992-06,Victoria,11.3
1992-07,Victoria,11.3
1992-08,Victoria,10.9
1992-09,Victoria,11
1992-10,Victoria,11
1992-11,Victoria,11.4
1992-12,Victoria,11.7
1993-01,Victoria,12.2
1993-02,Victoria,12.8
1993-03,Victoria,12
1993-04,Victoria,11.4
1993-05,Victoria,12.3
1993-06,Victoria,12
1993-07,Victoria,11.8
1993-08,Victoria,12.1
1993-09,Victoria,12.1
1993-10,Victoria,11.7
1993-11,Victoria,11.8
1993-12,Victoria,12.2
1994-01,Victoria,12.8
1994-02,Victoria,13.2
1994-03,Victoria,12.4
1994-04,Victoria,11.2
1994-05,Victoria,10.9
1994-06,Victoria,10.3
1994-07,Victoria,9.9
1994-08,Victoria,10.5
1994-09,Victoria,10.2
1994-10,Victoria,9.2
1994-11,Victoria,9.5
1994-12,Victoria,9.7
1995-01,Victoria,10.5
1995-02,Victoria,10.3
1995-03,Victoria,9.3
1995-04,Victoria,8.7
1995-05,Victoria,8.8
1995-06,Victoria,8.5
1995-07,Victoria,8.5
1995-08,Victoria,8.3
1995-09,Victoria,9
1995-10,Victoria,8.9
1995-11,Victoria,8.1
1995-12,Victoria,8.2
1996-01,Victoria,9.1
1996-02,Victoria,9.8
1996-03,Victoria,8.8
1996-04,Victoria,8.9
1996-05,Victoria,8.3
1996-06,Victoria,7.8
1996-07,Victoria,8.1
1996-08,Victoria,8.6
1996-09,Victoria,9.2
1996-10,Victoria,8.9
1996-11,Victoria,8.8
1996-12,Victoria,9.1
1997-01,Victoria,9.2
1997-02,Victoria,9.9
1997-03,Victoria,9.3
1997-04,Victoria,9
1997-05,Victoria,8.9
1997-06,Victoria,8.8
1997-07,Victoria,8.4
1997-08,Victoria,8.8
1997-09,Victoria,8.7
1997-10,Victoria,7.7
1997-11,Victoria,7.5
1997-12,Victoria,8
1998-01,Victoria,8.7
1998-02,Victoria,8.5
1998-03,Victoria,8.5
1998-04,Victoria,8.1
1998-05,Victoria,7.9
1998-06,Victoria,7.7
1998-07,Victoria,7.5
1998-08,Victoria,7.6
1998-09,Victoria,7.8
1998-10,Victoria,7.2
1998-11,Victoria,7.3
1998-12,Victoria,7
1999-01,Victoria,7.5
1999-02,Victoria,8.2
1999-03,Victoria,7.3
1999-04,Victoria,7.4
1999-05,Victoria,7.4
1999-06,Victoria,6.8
1999-07,Victoria,6.7
1999-08,Victoria,6.8
1999-09,Victoria,7.2
1999-10,Victoria,6.2
1999-11,Victoria,6.1
1999-12,Victoria,6.5
2000-01,Victoria,7.1
2000-02,Victoria,7.3
2000-03,Victoria,6.9
2000-04,Victoria,6.4
2000-05,Victoria,6.7
2000-06,Victoria,5.9
2000-07,Victoria,5.6
2000-08,Victoria,5.8
2000-09,Victoria,6.1
2000-10,Victoria,5.5
2000-11,Victoria,5.4
2000-12,Victoria,5.7
2001-01,Victoria,6.1
2001-02,Victoria,6.7
2001-03,Victoria,6.3
2001-04,Victoria,6.3
2001-05,Victoria,6.4
2001-06,Victoria,6.1
2001-07,Victoria,6
2001-08,Victoria,6.4
2001-09,Victoria,6.6
2001-10,Victoria,6.8
2001-11,Victoria,6.1
2001-12,Victoria,6.7
2002-01,Victoria,7.1
2002-02,Victoria,7
2002-03,Victoria,6.3
2002-04,Victoria,5.7
2002-05,Victoria,5.8
2002-06,Victoria,6.1
2002-07,Victoria,5.2
2002-08,Victoria,6.1
2002-09,Victoria,6.1
2002-10,Victoria,5.7
2002-11,Victoria,5.3
2002-12,Victoria,5.5
2003-01,Victoria,6
2003-02,Victoria,5.6
2003-03,Victoria,5.9
2003-04,Victoria,5.8
2003-05,Victoria,5.9
2003-06,Victoria,5.7
2003-07,Victoria,5.3
2003-08,Victoria,5.3
2003-09,Victoria,5.4
2003-10,Victoria,5.3
2003-11,Victoria,4.8
2003-12,Victoria,5.5
2004-01,Victoria,5.8
2004-02,Victoria,6.3
2004-03,Victoria,5.5
2004-04,Victoria,5.7
2004-05,Victoria,5.1
2004-06,Victoria,5.1
2004-07,Victoria,5
2004-08,Victoria,5.6
2004-09,Victoria,5.9
2004-10,Victoria,5.4
2004-11,Victoria,5.2
2004-12,Victoria,5.5
2005-01,Victoria,5.8
2005-02,Victoria,6.1
2005-03,Victoria,5.6
2005-04,Victoria,5.6
2005-05,Victoria,5.4
2005-06,Victoria,5
2005-07,Victoria,4.9
2005-08,Victoria,4.9
2005-09,Victoria,5.6
2005-10,Victoria,5.1
2005-11,Victoria,4.8
2005-12,Victoria,5.3
2006-01,Victoria,5.6
2006-02,Victoria,5.9
2006-03,Victoria,5.4
2006-04,Victoria,5.4
2006-05,Victoria,5.1
2006-06,Victoria,4.8
2006-07,Victoria,4.7
2006-08,Victoria,4.4
2006-09,Victoria,4.6
2006-10,Victoria,4.7
2006-11,Victoria,4.3
2006-12,Victoria,5
2007-01,Victoria,5.3
2007-02,Victoria,5.4
2007-03,Victoria,5.1
2007-04,Victoria,4.9
2007-05,Victoria,4.7
2007-06,Victoria,4.5
2007-07,Victoria,4
2007-08,Victoria,4.6
2007-09,Victoria,4.3
2007-10,Victoria,4.2
2007-11,Victoria,4.5
2007-12,Victoria,4.8
2008-01,Victoria,4.8
2008-02,Victoria,4.7
2008-03,Victoria,4.5
2008-04,Victoria,4.9
2008-05,Victoria,4.3
2008-06,Victoria,4.5
2008-07,Victoria,4.4
2008-08,Victoria,4.1
2008-09,Victoria,4.4
2008-10,Victoria,4.1
2008-11,Victoria,4.1
2008-12,Victoria,4.7
2009-01,Victoria,5.2
2009-02,Victoria,6.3
2009-03,Victoria,6.1
2009-04,Victoria,6
2009-05,Victoria,6
2009-06,Victoria,5.9
2009-07,Victoria,5.5
2009-08,Victoria,5.9
2009-09,Victoria,5.6
2009-10,Victoria,5.3
2009-11,Victoria,4.7
2009-12,Victoria,5.2
2010-01,Victoria,5.7
2010-02,Victoria,5.9
2010-03,Victoria,5.8
2010-04,Victoria,5.6
2010-05,Victoria,5.5
2010-06,Victoria,5.3
2010-07,Victoria,5.2
2010-08,Victoria,5.3
2010-09,Victoria,5.2
2010-10,Victoria,5.2
2010-11,Victoria,4.8
2010-12,Victoria,4.7
2011-01,Victoria,5.4
2011-02,Victoria,5.6
2011-03,Victoria,4.7
2011-04,Victoria,4.9
2011-05,Victoria,5.2
2011-06,Victoria,4.5
2011-07,Victoria,4.9
2011-08,Victoria,5.1
2011-09,Victoria,5.3
2011-10,Victoria,5.1
2011-11,Victoria,5
2011-12,Victoria,5
2012-01,Victoria,5.4
2012-02,Victoria,6.1
2012-03,Victoria,6.2
2012-04,Victoria,5.4
2012-05,Victoria,5.5
2012-06,Victoria,5.3
2012-07,Victoria,5.1
2012-08,Victoria,5.5
2012-09,Victoria,5.7
2012-10,Victoria,5.2
2012-11,Victoria,5
2012-12,Victoria,5.4
2013-01,Victoria,6.5
2013-02,Victoria,6.2
2013-03,Victoria,6.1
2013-04,Victoria,6
2013-05,Victoria,5.5
2013-06,Victoria,5.6
2013-07,Victoria,5.4
2013-08,Victoria,5.7
2013-09,Victoria,5.9
2013-10,Victoria,5.8
2013-11,Victoria,5.8
2013-12,Victoria,6
2014-01,Victoria,6.9
2014-02,Victoria,7.2
2014-03,Victoria,6.9
2014-04,Victoria,6.6
2014-05,Victoria,6.1
2014-06,Victoria,6.3
2014-07,Victoria,6.7
2014-08,Victoria,6.8
2014-09,Victoria,6.7
2014-10,Victoria,6.6
2014-11,Victoria,6.3
2014-12,Victoria,6.2
2015-01,Victoria,7.1
2015-02,Victoria,6.3
2015-03,Victoria,6.6
2015-04,Victoria,6.3
2015-05,Victoria,5.8
2015-06,Victoria,5.7
2015-07,Victoria,6.2
2015-08,Victoria,6
2015-09,Victoria,6.2
2015-10,Victoria,5.4
2015-11,Victoria,5.8
2015-12,Victoria,5.8
2016-01,Victoria,6.9
2016-02,Victoria,6.2
2016-03,Victoria,6
2016-04,Victoria,5.7
2016-05,Victoria,5.7
2016-06,Victoria,5.4
2016-07,Victoria,5.7
2016-08,Victoria,5.6
2016-09,Victoria,5.7
2016-10,Victoria,5.5
2016-11,Victoria,5.7
2016-12,Victoria,5.9
2017-01,Victoria,6.3
2017-02,Victoria,6.4
2017-03,Victoria,6.6
2017-04,Victoria,6.2
2017-05,Victoria,5.9
2017-06,Victoria,5.6
2017-07,Victoria,6
2017-08,Victoria,6.2
2017-09,Victoria,5.9
2017-10,Victoria,5.4
2017-11,Victoria,5.2
2017-12,Victoria,6
2018-01,Victoria,6.1
2018-02,Victoria,6
2018-03,Victoria,5.6
2018-04,Victoria,5.3
2018-05,Victoria,4.9
2018-06,Victoria,5.3
2018-07,Victoria,4.9
2018-08,Victoria,4.8
2018-09,Victoria,4.5
2018-10,Victoria,4.2
2018-11,Victoria,4.3
2018-12,Victoria,4.1
2019-01,Victoria,5
2019-02,Victoria,5.1
2019-03,Victoria,4.9
2019-04,Victoria,5
2019-05,Victoria,4.5
2019-06,Victoria,4.6
2019-07,Victoria,4.8
2019-08,Victoria,4.9
2019-09,Victoria,4.6
2019-10,Victoria,4.5
2019-11,Victoria,4.3
2019-12,Victoria,4.8
2020-01,Victoria,5.8
2020-02,Victoria,5.7
2020-03,Victoria,5.4
2020-04,Victoria,6.1
2020-05,Victoria,6.6
2020-06,Victoria,7.1
2020-07,Victoria,6.7
2020-08,Victoria,7.1
2020-09,Victoria,6.6
2020-10,Victoria,6.8
2020-11,Victoria,6.7
2020-12,Victoria,6.3
2021-01,Victoria,6.9
2021-02,Victoria,6.1
2021-03,Victoria,6.4
2021-04,Victoria,5.6
2021-05,Victoria,4.7
2021-06,Victoria,4.3
2021-07,Victoria,4.4
2021-08,Victoria,4
2021-09,Victoria,4.6
2021-10,Victoria,5.3
2021-11,Victoria,4.4
2021-12,Victoria,4.2
2022-01,Victoria,4.5
2022-02,Victoria,4.5
2022-03,Victoria,4.3
2022-04,Victoria,4.4
2022-05,Victoria,3.7
2022-06,Victoria,3.1
2022-07,Victoria,3.1
2022-08,Victoria,3.8
2022-09,Victoria,3.4
2022-10,Victoria,3.5
2022-11,Victoria,3.4
2022-12,Victoria,3.4
2023-01,Victoria,4.5
2023-02,Victoria,4.1
2023-03,Victoria,3.9
2023-04,Victoria,4
2023-05,Victoria,3.7
2023-06,Victoria,3.5
2023-07,Victoria,3.5
2023-08,Victoria,3.5
2023-09,Victoria,3.4
2023-10,Victoria,3.6
2023-11,Victoria,3.8
2023-12,Victoria,4
2024-01,Victoria,4.4
2024-02,Victoria,4.2
2024-03,Victoria,4.3
2024-04,Victoria,4.5
2024-05,Victoria,4.3
2024-06,Victoria,4.3
2024-07,Victoria,4.3
2024-08,Victoria,4.4
2024-09,Victoria,4.3
2024-10,Victoria,4.3
2024-11,Victoria,3.9
2024-12,Victoria,4.4
2025-01,Victoria,5.2
2025-02,Victoria,5
2025-03,Victoria,4.6
2025-04,Victoria,4.4
2025-05,Victoria,4.3
2025-06,Victoria,4.3
2025-07,Victoria,4.4
2025-08,Victoria,4.2
1991-07,Queensland,9.9
1991-08,Queensland,9.3
1991-09,Queensland,9.2
1991-10,Queensland,8.8
1991-11,Queensland,8.7
1991-12,Queensland,10
1992-01,Queensland,11
1992-02,Queensland,11.3
1992-03,Queensland,10.8
1992-04,Queensland,10.2
1992-05,Queensland,10.3
1992-06,Queensland,10.4
1992-07,Queensland,10.5
1992-08,Queensland,9.4
1992-09,Queensland,10
1992-10,Queensland,9.3
1992-11,Queensland,10
1992-12,Queensland,10.8
1993-01,Queensland,11.4
1993-02,Queensland,11.7
1993-03,Queensland,11.1
1993-04,Queensland,10.7
1993-05,Queensland,10.4
1993-06,Queensland,10.4
1993-07,Queensland,10.1
1993-08,Queensland,10.3
1993-09,Queensland,10.3
1993-10,Queensland,9.3
1993-11,Queensland,10
1993-12,Queensland,10
1994-01,Queensland,10.7
1994-02,Queensland,10.9
1994-03,Queensland,10.4
1994-04,Queensland,10
1994-05,Queensland,9.2
1994-06,Queensland,8.8
1994-07,Queensland,8.7
1994-08,Queensland,8.6
1994-09,Queensland,8.6
1994-10,Queensland,7.9
1994-11,Queensland,8.2
1994-12,Queensland,8.1
1995-01,Queensland,9.1
1995-02,Queensland,9.5
1995-03,Queensland,9.3
1995-04,Queensland,8.7
1995-05,Queensland,9.2
1995-06,Queensland,8.6
1995-07,Queensland,8.3
1995-08,Queensland,8.5
1995-09,Queensland,8.8
1995-10,Queensland,8.8
1995-11,Queensland,8.8
1995-12,Queensland,9
1996-01,Queensland,10.2
1996-02,Queensland,9.8
1996-03,Queensland,9.5
1996-04,Queensland,9.5
1996-05,Queensland,9.4
1996-06,Queensland,9.2
1996-07,Queensland,9
1996-08,Queensland,9.4
1996-09,Queensland,9.1
1996-10,Queensland,9.1
1996-11,Queensland,8.5
1996-12,Queensland,9.2
1997-01,Queensland,10.8
1997-02,Queensland,10.5
1997-03,Queensland,10.3
1997-04,Queensland,9.8
1997-05,Queensland,9.8
1997-06,Queensland,8.7
1997-07,Queensland,8.6
1997-08,Queensland,9.2
1997-09,Queensland,8.6
1997-10,Queensland,8.1
1997-11,Queensland,8.4
1997-12,Queensland,8.5
1998-01,Queensland,9.2
1998-02,Queensland,9.5
1998-03,Queensland,8.6
1998-04,Queensland,8.4
1998-05,Queensland,8.2
1998-06,Queensland,8.3
1998-07,Queensland,8.4
1998-08,Queensland,8.1
1998-09,Queensland,8.4
1998-10,Queensland,7.9
1998-11,Queensland,7.6
1998-12,Queensland,7.9
1999-01,Queensland,8.3
1999-02,Queensland,8.3
1999-03,Queensland,7.9
1999-04,Queensland,7.5
1999-05,Queensland,8
1999-06,Queensland,7.5
1999-07,Queensland,7.1
1999-08,Queensland,7.2
1999-09,Queensland,7.7
1999-10,Queensland,7.7
1999-11,Queensland,7
1999-12,Queensland,7.9
2000-01,Queensland,8.6
2000-02,Queensland,8.5
2000-03,Queensland,8.4
2000-04,Queensland,8
2000-05,Queensland,7.5
2000-06,Queensland,7
2000-07,Queensland,6.7
2000-08,Queensland,7
2000-09,Queensland,7.2
2000-10,Queensland,6.9
2000-11,Queensland,7.2
2000-12,Queensland,7.7
2001-01,Queensland,8.3
2001-02,Queensland,9.3
2001-03,Queensland,8.9
2001-04,Queensland,9.1
2001-05,Queensland,9
2001-06,Queensland,8.1
2001-07,Queensland,7.5
2001-08,Queensland,7.8
2001-09,Queensland,7.9
2001-10,Queensland,7.8
2001-11,Queensland,7.6
2001-12,Queensland,8.1
2002-01,Queensland,8.9
2002-02,Queensland,9
2002-03,Queensland,8.2
2002-04,Queensland,7.8
2002-05,Queensland,7.6
2002-06,Queensland,7.5
2002-07,Queensland,6.8
2002-08,Queensland,6.9
2002-09,Queensland,7.1
2002-10,Queensland,6.7
2002-11,Queensland,6.5
2002-12,Queensland,7.2
2003-01,Queensland,7.7
2003-02,Queensland,8.1
2003-03,Queensland,8.2
2003-04,Queensland,7.3
2003-05,Queensland,6.7
2003-06,Queensland,6.7
2003-07,Queensland,6.2
2003-08,Queensland,6.2
2003-09,Queensland,6.1
2003-10,Queensland,5.7
2003-11,Queensland,5.4
2003-12,Queensland,5.9
2004-01,Queensland,6.6
2004-02,Queensland,7
2004-03,Queensland,6.7
2004-04,Queensland,6.1
2004-05,Queensland,5.4
2004-06,Queensland,5.5
2004-07,Queensland,5
2004-08,Queensland,5
2004-09,Queensland,5
2004-10,Queensland,4
2004-11,Queensland,4.4
2004-12,Queensland,4.8
2005-01,Queensland,5.5
2005-02,Queensland,5.3
2005-03,Queensland,4.9
2005-04,Queensland,5.3
2005-05,Queensland,5.2
2005-06,Queensland,4.6
2005-07,Queensland,4.5
2005-08,Queensland,4.8
2005-09,Queensland,4.4
2005-10,Queensland,4.3
2005-11,Queensland,4.1
2005-12,Queensland,4.7
2006-01,Queensland,5.6
2006-02,Queensland,5.9
2006-03,Queensland,5.3
2006-04,Queensland,4.7
2006-05,Queensland,4.7
2006-06,Queensland,4.4
2006-07,Queensland,4
2006-08,Queensland,4.2
2006-09,Queensland,4.4
2006-10,Queensland,3.4
2006-11,Queensland,3.7
2006-12,Queensland,3.9
2007-01,Queensland,4.5
2007-02,Queensland,4.8
2007-03,Queensland,4.4
2007-04,Queensland,3.5
2007-05,Queensland,3.4
2007-06,Queensland,3.5
2007-07,Queensland,3.3
2007-08,Queensland,3.4
2007-09,Queensland,3.7
2007-10,Queensland,3.4
2007-11,Queensland,3.4
2007-12,Queensland,3.4
2008-01,Queensland,3.9
2008-02,Queensland,4.3
2008-03,Queensland,4.1
2008-04,Queensland,3.8
2008-05,Queensland,3.8
2008-06,Queensland,3.7
2008-07,Queensland,3.4
2008-08,Queensland,3
2008-09,Queensland,3.6
2008-10,Queensland,3.4
2008-11,Queensland,3.5
2008-12,Queensland,3.7
2009-01,Queensland,5.1
2009-02,Queensland,5.3
2009-03,Queensland,5.4
2009-04,Queensland,5
2009-05,Queensland,5.4
2009-06,Queensland,5.4
2009-07,Queensland,5.2
2009-08,Queensland,5
2009-09,Queensland,6.1
2009-10,Queensland,5.3
2009-11,Queensland,5.4
2009-12,Queensland,5.5
2010-01,Queensland,6.1
2010-02,Queensland,6.6
2010-03,Queensland,6.1
2010-04,Queensland,5.7
2010-05,Queensland,5.6
2010-06,Queensland,5.1
2010-07,Queensland,5
2010-08,Queensland,4.9
2010-09,Queensland,5.2
2010-10,Queensland,5
2010-11,Queensland,4.9
2010-12,Queensland,5.6
2011-01,Queensland,6.1
2011-02,Queensland,6.5
2011-03,Queensland,6.1
2011-04,Queensland,5.2
2011-05,Queensland,5.3
2011-06,Queensland,5.1
2011-07,Queensland,5.2
2011-08,Queensland,5.7
2011-09,Queensland,5.2
2011-10,Queensland,5.1
2011-11,Queensland,5.1
2011-12,Queensland,5.1
2012-01,Queensland,5.9
2012-02,Queensland,6.7
2012-03,Queensland,6.1
2012-04,Queensland,5.1
2012-05,Queensland,5.8
2012-06,Queensland,5
2012-07,Queensland,5.5
2012-08,Queensland,5.6
2012-09,Queensland,6.2
2012-10,Queensland,5.7
2012-11,Queensland,5.5
2012-12,Queensland,6
2013-01,Queensland,6
2013-02,Queensland,6.8
2013-03,Queensland,6.5
2013-04,Queensland,5.4
2013-05,Queensland,5.8
2013-06,Queensland,6.1
2013-07,Queensland,5.4
2013-08,Queensland,5.6
2013-09,Queensland,5.8
2013-10,Queensland,5.5
2013-11,Queensland,5.2
2013-12,Queensland,5.9
2014-01,Queensland,6.6
2014-02,Queensland,7.3
2014-03,Queensland,6.7
2014-04,Queensland,6.1
2014-05,Queensland,6.1
2014-06,Queensland,6.2
2014-07,Queensland,6.4
2014-08,Queensland,6.4
2014-09,Queensland,6.2
2014-10,Queensland,6.7
2014-11,Queensland,6.2
2014-12,Queensland,6
2015-01,Queensland,6.9
2015-02,Queensland,7.4
2015-03,Queensland,7.2
2015-04,Queensland,6.4
2015-05,Queensland,6.2
2015-06,Queensland,5.9
2015-07,Queensland,6.2
2015-08,Queensland,6.3
2015-09,Queensland,6.1
2015-10,Queensland,5.9
2015-11,Queensland,5.4
2015-12,Queensland,5.5
2016-01,Queensland,6.9
2016-02,Queensland,6.2
2016-03,Queensland,6.7
2016-04,Queensland,6.4
2016-05,Queensland,6.3
2016-06,Queensland,6.3
2016-07,Queensland,5.8
2016-08,Queensland,6.1
2016-09,Queensland,6.1
2016-10,Queensland,5.5
2016-11,Queensland,5.4
2016-12,Queensland,5.7
2017-01,Queensland,6.5
2017-02,Queensland,7.5
2017-03,Queensland,6.6
2017-04,Queensland,6
2017-05,Queensland,5.8
2017-06,Queensland,6.3
2017-07,Queensland,5.8
2017-08,Queensland,5.6
2017-09,Queensland,5.6
2017-10,Queensland,5.4
2017-11,Queensland,5.1
2017-12,Queensland,5.5
2018-01,Queensland,6.4
2018-02,Queensland,6.9
2018-03,Queensland,6.5
2018-04,Queensland,6.5
2018-05,Queensland,6.2
2018-06,Queensland,5.8
2018-07,Queensland,5.7
2018-08,Queensland,6.1
2018-09,Queensland,5.6
2018-10,Queensland,5.7
2018-11,Queensland,5.5
2018-12,Queensland,5.4
2019-01,Queensland,6.3
2019-02,Queensland,6.1
2019-03,Queensland,6.5
2019-04,Queensland,6
2019-05,Queensland,6.1
2019-06,Queensland,6.3
2019-07,Queensland,6
2019-08,Queensland,6.2
2019-09,Queensland,6.1
2019-10,Queensland,6
2019-11,Queensland,5.5
2019-12,Queensland,5.1
2020-01,Queensland,6.5
2020-02,Queensland,6.1
2020-03,Queensland,5.9
2020-04,Queensland,7
2020-05,Queensland,7.7
2020-06,Queensland,7.8
2020-07,Queensland,8.3
2020-08,Queensland,7.1
2020-09,Queensland,7.1
2020-10,Queensland,7.2
2020-11,Queensland,6.7
2020-12,Queensland,6.6
2021-01,Queensland,7.3
2021-02,Queensland,6.7
2021-03,Queensland,6.3
2021-04,Queensland,6
2021-05,Queensland,5.4
2021-06,Queensland,5.2
2021-07,Queensland,5.1
2021-08,Queensland,5
2021-09,Queensland,4.7
2021-10,Queensland,4.9
2021-11,Queensland,4.2
2021-12,Queensland,4.2
2022-01,Queensland,4.7
2022-02,Queensland,4.5
2022-03,Queensland,4.2
2022-04,Queensland,4.2
2022-05,Queensland,4
2022-06,Queensland,3.9
2022-07,Queensland,3.6
2022-08,Queensland,3.3
2022-09,Queensland,3.5
2022-10,Queensland,3.1
2022-11,Queensland,3
2022-12,Queensland,3.4
2023-01,Queensland,4.1
2023-02,Queensland,4.1
2023-03,Queensland,4.2
2023-04,Queensland,3.9
2023-05,Queensland,3.9
2023-06,Queensland,3.7
2023-07,Queensland,4.3
2023-08,Queensland,3.9
2023-09,Queensland,3.6
2023-10,Queensland,4
2023-11,Queensland,4
2023-12,Queensland,4
2024-01,Queensland,4.4
2024-02,Queensland,4.3
2024-03,Queensland,4.5
2024-04,Queensland,4.2
2024-05,Queensland,4
2024-06,Queensland,3.8
2024-07,Queensland,4.4
2024-08,Queensland,4.1
2024-09,Queensland,3.8
2024-10,Queensland,3.6
2024-11,Queensland,3.6
2024-12,Queensland,3.6
2025-01,Queensland,4.2
2025-02,Queensland,4.4
2025-03,Queensland,4.3
2025-04,Queensland,4.3
2025-05,Queensland,3.7
2025-06,Queensland,4
2025-07,Queensland,4.3
2025-08,Queensland,4.3
1991-07,South Australia,10.2
1991-08,South Australia,10.3
1991-09,South Australia,10.6
1991-10,South Australia,10.2
1991-11,South Australia,10.2
1991-12,South Australia,11.2
1992-01,South Australia,11.8
1992-02,South Australia,12.3
1992-03,South Australia,11.3
1992-04,South Australia,11.6
1992-05,South Australia,11.8
1992-06,South Australia,11.4
1992-07,South Australia,11
1992-08,South Australia,11.7
1992-09,South Australia,11.7
1992-10,South Australia,11.4
1992-11,South Australia,11.5
1992-12,South Australia,12.1
1993-01,South Australia,12.5
1993-02,South Australia,12.2
1993-03,South Australia,11.5
1993-04,South Australia,11.4
1993-05,South Australia,10.6
1993-06,South Australia,10.7
1993-07,South Australia,10.6
1993-08,South Australia,10.2
1993-09,South Australia,10.6
1993-10,South Australia,11.1
1993-11,South Australia,10.8
1993-12,South Australia,10.9
1994-01,South Australia,12.1
1994-02,South Australia,11.8
1994-03,South Australia,11
1994-04,South Australia,9.9
1994-05,South Australia,10.2
1994-06,South Australia,10.3
1994-07,South Australia,10
1994-08,South Australia,10.2
1994-09,South Australia,10.4
1994-10,South Australia,10
1994-11,South Australia,10
1994-12,South Australia,10.2
1995-01,South Australia,10.7
1995-02,South Australia,10.7
1995-03,South Australia,10.3
1995-04,South Australia,10.1
1995-05,South Australia,9.8
1995-06,South Australia,10
1995-07,South Australia,9.5
1995-08,South Australia,9.6
1995-09,South Australia,10
1995-10,South Australia,9.6
1995-11,South Australia,8.9
1995-12,South Australia,9.1
1996-01,South Australia,10.4
1996-02,South Australia,10.5
1996-03,South Australia,9.6
1996-04,South Australia,9.8
1996-05,South Australia,9.7
1996-06,South Australia,8.8
1996-07,South Australia,9
1996-08,South Australia,9.3
1996-09,South Australia,9.4
1996-10,South Australia,9.5
1996-11,South Australia,9.2
1996-12,South Australia,9.7
1997-01,South Australia,10.4
1997-02,South Australia,10.4
1997-03,South Australia,9.8
1997-04,South Australia,9.9
1997-05,South Australia,9.7
1997-06,South Australia,9.3
1997-07,South Australia,9.4
1997-08,South Australia,9.3
1997-09,South Australia,9.4
1997-10,South Australia,9
1997-11,South Australia,9.1
1997-12,South Australia,9.3
1998-01,South Australia,10.3
1998-02,South Australia,9.9
1998-03,South Australia,9.8
1998-04,South Australia,9.1
1998-05,South Australia,9.7
1998-06,South Australia,9.4
1998-07,South Australia,9.4
1998-08,South Australia,9.6
1998-09,South Australia,9.4
1998-10,South Australia,8.6
1998-11,South Australia,9.1
1998-12,South Australia,8.7
1999-01,South Australia,9.9
1999-02,South Australia,9.2
1999-03,South Australia,8.8
1999-04,South Australia,7.9
1999-05,South Australia,8.5
1999-06,South Australia,7.3
1999-07,South Australia,7
1999-08,South Australia,7.9
1999-09,South Australia,7.6
1999-10,South Australia,8
1999-11,South Australia,7.2
1999-12,South Australia,7.7
2000-01,South Australia,8.6
2000-02,South Australia,9.2
2000-03,South Australia,7.9
2000-04,South Australia,8
2000-05,South Australia,8.5
2000-06,South Australia,7.7
2000-07,South Australia,6.9
2000-08,South Australia,7.3
2000-09,South Australia,7.1
2000-10,South Australia,6.9
2000-11,South Australia,7.1
2000-12,South Australia,7
2001-01,South Australia,7.6
2001-02,South Australia,7.6
2001-03,South Australia,7.1
2001-04,South Australia,7.5
2001-05,South Australia,7.7
2001-06,South Australia,7.2
2001-07,South Australia,7.2
2001-08,South Australia,7.1
2001-09,South Australia,7.3
2001-10,South Australia,7
2001-11,South Australia,6.6
2001-12,South Australia,7.2
2002-01,South Australia,8
2002-02,South Australia,7.8
2002-03,South Australia,7.1
2002-04,South Australia,6.5
2002-05,South Australia,6.8
2002-06,South Australia,6.7
2002-07,South Australia,6.2
2002-08,South Australia,6.8
2002-09,South Australia,6.7
2002-10,South Australia,6.3
2002-11,South Australia,6.1
2002-12,South Australia,5.6
2003-01,South Australia,7.1
2003-02,South Australia,6.9
2003-03,South Australia,6.1
2003-04,South Australia,6
2003-05,South Australia,6.2
2003-06,South Australia,6
2003-07,South Australia,5.7
2003-08,South Australia,5.9
2003-09,South Australia,6
2003-10,South Australia,5.9
2003-11,South Australia,5.8
2003-12,South Australia,6.2
2004-01,South Australia,6.9
2004-02,South Australia,7.1
2004-03,South Australia,5.7
2004-04,South Australia,5.9
2004-05,South Australia,6
2004-06,South Australia,6.1
2004-07,South Australia,5.8
2004-08,South Australia,6
2004-09,South Australia,5.8
2004-10,South Australia,5.5
2004-11,South Australia,4.8
2004-12,South Australia,4.9
2005-01,South Australia,6.4
2005-02,South Australia,5.9
2005-03,South Australia,5.5
2005-04,South Australia,5.3
2005-05,South Australia,5.3
2005-06,South Australia,5.2
2005-07,South Australia,4.3
2005-08,South Australia,4.8
2005-09,South Australia,4.7
2005-10,South Australia,4.7
2005-11,South Australia,4.4
2005-12,South Australia,4.7
2006-01,South Australia,5.3
2006-02,South Australia,5.5
2006-03,South Australia,5.2
2006-04,South Australia,5.1
2006-05,South Australia,5
2006-06,South Australia,4.5
2006-07,South Australia,4.6
2006-08,South Australia,4.7
2006-09,South Australia,4.7
2006-10,South Australia,4.5
2006-11,South Australia,4.9
2006-12,South Australia,5.4
2007-01,South Australia,6.2
2007-02,South Australia,5.6
2007-03,South Australia,5.2
2007-04,South Australia,5.3
2007-05,South Australia,4.7
2007-06,South Australia,4.7
2007-07,South Australia,4.6
2007-08,South Australia,4.6
2007-09,South Australia,4.6
2007-10,South Australia,5.3
2007-11,South Australia,4.5
2007-12,South Australia,4.9
2008-01,South Australia,5.2
2008-02,South Australia,5.1
2008-03,South Australia,4.7
2008-04,South Australia,5
2008-05,South Australia,5.1
2008-06,South Australia,4.5
2008-07,South Australia,4.4
2008-08,South Australia,4.3
2008-09,South Australia,5.6
2008-10,South Australia,5.2
2008-11,South Australia,5.1
2008-12,South Australia,5.3
2009-01,South Australia,6.4
2009-02,South Australia,6.4
2009-03,South Australia,6.2
2009-04,South Australia,5.7
2009-05,South Australia,5.4
2009-06,South Australia,5.2
2009-07,South Australia,5.1
2009-08,South Australia,5.7
2009-09,South Australia,5.6
2009-10,South Australia,5.1
2009-11,South Australia,5.3
2009-12,South Australia,5.3
2010-01,South Australia,4.9
2010-02,South Australia,5.3
2010-03,South Australia,5.8
2010-04,South Australia,6
2010-05,South Australia,5.3
2010-06,South Australia,5.1
2010-07,South Australia,4.6
2010-08,South Australia,5.2
2010-09,South Australia,5.4
2010-10,South Australia,5.6
2010-11,South Australia,5.3
2010-12,South Australia,5.5
2011-01,South Australia,5.9
2011-02,South Australia,6.5
2011-03,South Australia,5.7
2011-04,South Australia,5.6
2011-05,South Australia,5.3
2011-06,South Australia,4.7
2011-07,South Australia,4.7
2011-08,South Australia,4.8
2011-09,South Australia,5.5
2011-10,South Australia,5.2
2011-11,South Australia,5
2011-12,South Australia,5.2
2012-01,South Australia,5.6
2012-02,South Australia,5.9
2012-03,South Australia,5.5
2012-04,South Australia,5.4
2012-05,South Australia,5.1
2012-06,South Australia,5.9
2012-07,South Australia,4.8
2012-08,South Australia,5.5
2012-09,South Australia,5.6
2012-10,South Australia,5.6
2012-11,South Australia,5.2
2012-12,South Australia,5.8
2013-01,South Australia,6.6
2013-02,South Australia,6.5
2013-03,South Australia,6.2
2013-04,South Australia,6.1
2013-05,South Australia,5.8
2013-06,South Australia,5.6
2013-07,South Australia,6.4
2013-08,South Australia,6.6
2013-09,South Australia,5.9
2013-10,South Australia,6.7
2013-11,South Australia,6.6
2013-12,South Australia,6.8
2014-01,South Australia,7.2
2014-02,South Australia,7.4
2014-03,South Australia,7.5
2014-04,South Australia,6.4
2014-05,South Australia,6.6
2014-06,South Australia,6.8
2014-07,South Australia,6.7
2014-08,South Australia,5.7
2014-09,South Australia,6.5
2014-10,South Australia,6.7
2014-11,South Australia,6.4
2014-12,South Australia,6.5
2015-01,South Australia,8.1
2015-02,South Australia,7.2
2015-03,South Australia,6.6
2015-04,South Australia,7.1
2015-05,South Australia,7.6
2015-06,South Australia,7.9
2015-07,South Australia,7.9
2015-08,South Australia,7.7
2015-09,South Australia,7.4
2015-10,South Australia,7.5
2015-11,South Australia,6.9
2015-12,South Australia,6.9
2016-01,South Australia,7.2
2016-02,South Australia,7.9
2016-03,South Australia,7.3
2016-04,South Australia,6.5
2016-05,South Australia,6.8
2016-06,South Australia,7
2016-07,South Australia,6.3
2016-08,South Australia,6.7
2016-09,South Australia,6.5
2016-10,South Australia,6.4
2016-11,South Australia,6.7
2016-12,South Australia,6.5
2017-01,South Australia,6.6
2017-02,South Australia,7
2017-03,South Australia,7.3
2017-04,South Australia,7.1
2017-05,South Australia,6.9
2017-06,South Australia,6.4
2017-07,South Australia,6.1
2017-08,South Australia,5.5
2017-09,South Australia,5.6
2017-10,South Australia,5.7
2017-11,South Australia,6
2017-12,South Australia,5.8
2018-01,South Australia,6.3
2018-02,South Australia,6.7
2018-03,South Australia,5.9
2018-04,South Australia,5.9
2018-05,South Australia,5.7
2018-06,South Australia,5.3
2018-07,South Australia,5.6
2018-08,South Australia,5.5
2018-09,South Australia,5.3
2018-10,South Australia,5.4
2018-11,South Australia,5.2
2018-12,South Australia,5.9
2019-01,South Australia,6.8
2019-02,South Australia,6.1
2019-03,South Australia,6.1
2019-04,South Australia,6.2
2019-05,South Australia,5.6
2019-06,South Australia,5.8
2019-07,South Australia,6.9
2019-08,South Australia,7.1
2019-09,South Australia,6
2019-10,South Australia,6
2019-11,South Australia,6.2
2019-12,South Australia,6
2020-01,South Australia,6
2020-02,South Australia,6.2
2020-03,South Australia,6.5
2020-04,South Australia,7.1
2020-05,South Australia,7.7
2020-06,South Australia,8.4
2020-07,South Australia,7.9
2020-08,South Australia,7.6
2020-09,South Australia,6.6
2020-10,South Australia,6.7
2020-11,South Australia,6.1
2020-12,South Australia,6.2
2021-01,South Australia,7.5
2021-02,South Australia,7.2
2021-03,South Australia,6.6
2021-04,South Australia,5.9
2021-05,South Australia,5.8
2021-06,South Australia,5.2
2021-07,South Australia,4.7
2021-08,South Australia,4.7
2021-09,South Australia,4.8
2021-10,South Australia,5
2021-11,South Australia,4.4
2021-12,South Australia,3.9
2022-01,South Australia,5.3
2022-02,South Australia,5.4
2022-03,South Australia,5.1
2022-04,South Australia,4.6
2022-05,South Australia,4.6
2022-06,South Australia,4.3
2022-07,South Australia,4.1
2022-08,South Australia,3.9
2022-09,South Australia,4.1
2022-10,South Australia,3.9
2022-11,South Australia,3.9
2022-12,South Australia,3.9
2023-01,South Australia,4.6
2023-02,South Australia,4.2
2023-03,South Australia,3.9
2023-04,South Australia,4.4
2023-05,South Australia,3.9
2023-06,South Australia,4.1
2023-07,South Australia,4
2023-08,South Australia,3.5
2023-09,South Australia,3.4
2023-10,South Australia,3.4
2023-11,South Australia,3.7
2023-12,South Australia,3.9
2024-01,South Australia,4.6
2024-02,South Australia,3.6
2024-03,South Australia,4
2024-04,South Australia,4.3
2024-05,South Australia,3.9
2024-06,South Australia,3.8
2024-07,South Australia,4.4
2024-08,South Australia,3.6
2024-09,South Australia,4
2024-10,South Australia,4
2024-11,South Australia,3.7
2024-12,South Australia,4.1
2025-01,South Australia,4.7
2025-02,South Australia,4.1
2025-03,South Australia,4.1
2025-04,South Australia,4.1
2025-05,South Australia,4.2
2025-06,South Australia,4.3
2025-07,South Australia,4.3
2025-08,South Australia,4.7
1991-07,Western Australia,10.9
1991-08,Western Australia,10.5
1991-09,Western Australia,10.7
1991-10,Western Australia,10.3
1991-11,Western Australia,10.2
1991-12,Western Australia,10.6
1992-01,Western Australia,12.3
1992-02,Western Australia,12.2
1992-03,Western Australia,12.1
1992-04,Western Australia,11
1992-05,Western Australia,10.8
1992-06,Western Australia,10.4
1992-07,Western Australia,10.5
1992-08,Western Australia,10.8
1992-09,Western Australia,10.9
1992-10,Western Australia,10.4
1992-11,Western Australia,9.5
1992-12,Western Australia,10.9
1993-01,Western Australia,11
1993-02,Western Australia,10.8
1993-03,Western Australia,9.7
1993-04,Western Australia,10.2
1993-05,Western Australia,9.7
1993-06,Western Australia,9
1993-07,Western Australia,9
1993-08,Western Australia,9.4
1993-09,Western Australia,9.3
1993-10,Western Australia,8.8
1993-11,Western Australia,8.6
1993-12,Western Australia,9.2
1994-01,Western Australia,9.6
1994-02,Western Australia,9.7
1994-03,Western Australia,8.8
1994-04,Western Australia,8.4
1994-05,Western Australia,8.5
1994-06,Western Australia,8.5
1994-07,Western Australia,7.9
1994-08,Western Australia,7.7
1994-09,Western Australia,8.2
1994-10,Western Australia,7.2
1994-11,Western Australia,7.4
1994-12,Western Australia,7.2
1995-01,Western Australia,8.2
1995-02,Western Australia,8.9
1995-03,Western Australia,7.9
1995-04,Western Australia,7.3
1995-05,Western Australia,7.4
1995-06,Western Australia,7
1995-07,Western Australia,7.2
1995-08,Western Australia,7
1995-09,Western Australia,7.6
1995-10,Western Australia,7
1995-11,Western Australia,7.2
1995-12,Western Australia,7.6
1996-01,Western Australia,8.6
1996-02,Western Australia,8.6
1996-03,Western Australia,8
1996-04,Western Australia,7.1
1996-05,Western Australia,7.5
1996-06,Western Australia,7.6
1996-07,Western Australia,7
1996-08,Western Australia,7.4
1996-09,Western Australia,7.4
1996-10,Western Australia,7.1
1996-11,Western Australia,7.3
1996-12,Western Australia,7.5
1997-01,Western Australia,8.3
1997-02,Western Australia,8.6
1997-03,Western Australia,8
1997-04,Western Australia,7.1
1997-05,Western Australia,6.8
1997-06,Western Australia,7
1997-07,Western Australia,6.6
1997-08,Western Australia,6.8
1997-09,Western Australia,6.5
1997-10,Western Australia,5.5
1997-11,Western Australia,6.3
1997-12,Western Australia,6.7
1998-01,Western Australia,7.4
1998-02,Western Australia,7.5
1998-03,Western Australia,7.1
1998-04,Western Australia,6.6
1998-05,Western Australia,6.8
1998-06,Western Australia,7
1998-07,Western Australia,6.6
1998-08,Western Australia,6.4
1998-09,Western Australia,6.4
1998-10,Western Australia,5.9
1998-11,Western Australia,6.1
1998-12,Western Australia,6.6
1999-01,Western Australia,7.1
1999-02,Western Australia,7.6
1999-03,Western Australia,7
1999-04,Western Australia,6.8
1999-05,Western Australia,6.2
1999-06,Western Australia,6.1
1999-07,Western Australia,5.5
1999-08,Western Australia,5.9
1999-09,Western Australia,6.5
1999-10,Western Australia,6.1
1999-11,Western Australia,6.2
1999-12,Western Australia,6
2000-01,Western Australia,7.4
2000-02,Western Australia,7.1
2000-03,Western Australia,6.6
2000-04,Western Australia,6.4
2000-05,Western Australia,5.6
2000-06,Western Australia,5.3
2000-07,Western Australia,5.3
2000-08,Western Australia,5.7
2000-09,Western Australia,5.5
2000-10,Western Australia,5.4
2000-11,Western Australia,5.9
2000-12,Western Australia,5.6
2001-01,Western Australia,6.5
2001-02,Western Australia,7.3
2001-03,Western Australia,7.4
2001-04,Western Australia,7
2001-05,Western Australia,7.1
2001-06,Western Australia,8
2001-07,Western Australia,6.8
2001-08,Western Australia,6.6
2001-09,Western Australia,7.2
2001-10,Western Australia,6.5
2001-11,Western Australia,6.2
2001-12,Western Australia,6.1
2002-01,Western Australia,8
2002-02,Western Australia,7.3
2002-03,Western Australia,6
2002-04,Western Australia,6.4
2002-05,Western Australia,6.4
2002-06,Western Australia,5.5
2002-07,Western Australia,5.4
2002-08,Western Australia,6.1
2002-09,Western Australia,6.5
2002-10,Western Australia,5.6
2002-11,Western Australia,5.6
2002-12,Western Australia,6
2003-01,Western Australia,6.9
2003-02,Western Australia,6.4
2003-03,Western Australia,5.9
2003-04,Western Australia,6
2003-05,Western Australia,5.6
2003-06,Western Australia,5.3
2003-07,Western Australia,5.6
2003-08,Western Australia,5.9
2003-09,Western Australia,6.2
2003-10,Western Australia,5.7
2003-11,Western Australia,5.7
2003-12,Western Australia,5.6
2004-01,Western Australia,6.3
2004-02,Western Australia,6.2
2004-03,Western Australia,5.6
2004-04,Western Australia,5.3
2004-05,Western Australia,5.3
2004-06,Western Australia,5
2004-07,Western Australia,4.7
2004-08,Western Australia,4.7
2004-09,Western Australia,5
2004-10,Western Australia,4.5
2004-11,Western Australia,3.9
2004-12,Western Australia,4.2
2005-01,Western Australia,5.2
2005-02,Western Australia,4.9
2005-03,Western Australia,5.1
2005-04,Western Australia,4.7
2005-05,Western Australia,4.5
2005-06,Western Australia,4.6
2005-07,Western Australia,4.3
2005-08,Western Australia,4.3
2005-09,Western Australia,4
2005-10,Western Australia,3.7
2005-11,Western Australia,3.7
2005-12,Western Australia,4.1
2006-01,Western Australia,4.6
2006-02,Western Australia,4.7
2006-03,Western Australia,4.2
2006-04,Western Australia,3.7
2006-05,Western Australia,3.2
2006-06,Western Australia,3.4
2006-07,Western Australia,2.7
2006-08,Western Australia,3.5
2006-09,Western Australia,3.4
2006-10,Western Australia,3.5
2006-11,Western Australia,2.8
2006-12,Western Australia,3.1
2007-01,Western Australia,3.6
2007-02,Western Australia,3.5
2007-03,Western Australia,2.9
2007-04,Western Australia,2.8
2007-05,Western Australia,3.1
2007-06,Western Australia,3.7
2007-07,Western Australia,3
2007-08,Western Australia,3.1
2007-09,Western Australia,3.6
2007-10,Western Australia,3.4
2007-11,Western Australia,3
2007-12,Western Australia,3
2008-01,Western Australia,3.7
2008-02,Western Australia,3.2
2008-03,Western Australia,3.4
2008-04,Western Australia,3.3
2008-05,Western Australia,3.5
2008-06,Western Australia,3.2
2008-07,Western Australia,2.9
2008-08,Western Australia,2.6
2008-09,Western Australia,3
2008-10,Western Australia,2.2
2008-11,Western Australia,2.8
2008-12,Western Australia,2.7
2009-01,Western Australia,3.7
2009-02,Western Australia,4.9
2009-03,Western Australia,5.3
2009-04,Western Australia,4.7
2009-05,Western Australia,5.1
2009-06,Western Australia,5.4
2009-07,Western Australia,5.5
2009-08,Western Australia,5.2
2009-09,Western Australia,5.8
2009-10,Western Australia,4.6
2009-11,Western Australia,4.6
2009-12,Western Australia,4.6
2010-01,Western Australia,5.1
2010-02,Western Australia,5.8
2010-03,Western Australia,5.5
2010-04,Western Australia,4.8
2010-05,Western Australia,4.2
2010-06,Western Australia,4.1
2010-07,Western Australia,4.3
2010-08,Western Australia,4.4
2010-09,Western Australia,4.7
2010-10,Western Australia,4.3
2010-11,Western Australia,4
2010-12,Western Australia,3.9
2011-01,Western Australia,4.9
2011-02,Western Australia,4.7
2011-03,Western Australia,4.7
2011-04,Western Australia,4.1
2011-05,Western Australia,4.2
2011-06,Western Australia,4.2
2011-07,Western Australia,3.8
2011-08,Western Australia,4.3
2011-09,Western Australia,4.4
2011-10,Western Australia,3.9
2011-11,Western Australia,3.9
2011-12,Western Australia,3.8
2012-01,Western Australia,4.4
2012-02,Western Australia,4.3
2012-03,Western Australia,4.4
2012-04,Western Australia,3.8
2012-05,Western Australia,3.8
2012-06,Western Australia,3.5
2012-07,Western Australia,3.5
2012-08,Western Australia,3.8
2012-09,Western Australia,4.2
2012-10,Western Australia,4.4
2012-11,Western Australia,3.8
2012-12,Western Australia,4
2013-01,Western Australia,4.3
2013-02,Western Australia,5.1
2013-03,Western Australia,5.3
2013-04,Western Australia,5.4
2013-05,Western Australia,4.9
2013-06,Western Australia,4.6
2013-07,Western Australia,4.3
2013-08,Western Australia,4.8
2013-09,Western Australia,4.7
2013-10,Western Australia,3.9
2013-11,Western Australia,3.7
2013-12,Western Australia,4.2
2014-01,Western Australia,5.4
2014-02,Western Australia,6.5
2014-03,Western Australia,5.4
2014-04,Western Australia,5
2014-05,Western Australia,5
2014-06,Western Australia,4.9
2014-07,Western Australia,4.9
2014-08,Western Australia,4.8
2014-09,Western Australia,5
2014-10,Western Australia,4.9
2014-11,Western Australia,4.5
2014-12,Western Australia,5.5
2015-01,Western Australia,5.9
2015-02,Western Australia,6.4
2015-03,Western Australia,6
2015-04,Western Australia,5.9
2015-05,Western Australia,5
2015-06,Western Australia,5.8
2015-07,Western Australia,6.3
2015-08,Western Australia,5.9
2015-09,Western Australia,5.9
2015-10,Western Australia,6
2015-11,Western Australia,5.5
2015-12,Western Australia,6
2016-01,Western Australia,6.1
2016-02,Western Australia,6.6
2016-03,Western Australia,5.9
2016-04,Western Australia,5.7
2016-05,Western Australia,5.7
2016-06,Western Australia,5.6
2016-07,Western Australia,6.4
2016-08,Western Australia,6.2
2016-09,Western Australia,6
2016-10,Western Australia,6.1
2016-11,Western Australia,6
2016-12,Western Australia,6.5
2017-01,Western Australia,6.8
2017-02,Western Australia,6.7
2017-03,Western Australia,6.9
2017-04,Western Australia,5.9
2017-05,Western Australia,5.3
2017-06,Western Australia,5.4
2017-07,Western Australia,5.3
2017-08,Western Australia,5.8
2017-09,Western Australia,5.7
2017-10,Western Australia,5.9
2017-11,Western Australia,6
2017-12,Western Australia,5.7
2018-01,Western Australia,6
2018-02,Western Australia,6.7
2018-03,Western Australia,7.4
2018-04,Western Australia,6.5
2018-05,Western Australia,6
2018-06,Western Australia,5.7
2018-07,Western Australia,5.9
2018-08,Western Australia,6.4
2018-09,Western Australia,6
2018-10,Western Australia,5.5
2018-11,Western Australia,6.1
2018-12,Western Australia,6.2
2019-01,Western Australia,7.3
2019-02,Western Australia,6.3
2019-03,Western Australia,6.5
2019-04,Western Australia,6
2019-05,Western Australia,5.9
2019-06,Western Australia,5.3
2019-07,Western Australia,5.7
2019-08,Western Australia,5.7
2019-09,Western Australia,5.7
2019-10,Western Australia,5.3
2019-11,Western Australia,5.4
2019-12,Western Australia,5.2
2020-01,Western Australia,6.3
2020-02,Western Australia,5.5
2020-03,Western Australia,5.9
2020-04,Western Australia,6.1
2020-05,Western Australia,7.7
2020-06,Western Australia,7.9
2020-07,Western Australia,8
2020-08,Western Australia,6.8
2020-09,Western Australia,6.6
2020-10,Western Australia,6.4
2020-11,Western Australia,6.1
2020-12,Western Australia,6.1
2021-01,Western Australia,6.9
2021-02,Western Australia,6.4
2021-03,Western Australia,5.2
2021-04,Western Australia,5
2021-05,Western Australia,4.6
2021-06,Western Australia,4.9
2021-07,Western Australia,4.6
2021-08,Western Australia,4.5
2021-09,Western Australia,4.1
2021-10,Western Australia,3.8
2021-11,Western Australia,3.7
2021-12,Western Australia,3.3
2022-01,Western Australia,4.2
2022-02,Western Australia,4.2
2022-03,Western Australia,3.6
2022-04,Western Australia,3
2022-05,Western Australia,3.1
2022-06,Western Australia,3.3
2022-07,Western Australia,3.3
2022-08,Western Australia,3.3
2022-09,Western Australia,3.5
2022-10,Western Australia,3.5
2022-11,Western Australia,3.4
2022-12,Western Australia,3.4
2023-01,Western Australia,3.9
2023-02,Western Australia,4.2
2023-03,Western Australia,3.6
2023-04,Western Australia,3.7
2023-05,Western Australia,3.5
2023-06,Western Australia,3.5
2023-07,Western Australia,3.3
2023-08,Western Australia,3.8
2023-09,Western Australia,3.3
2023-10,Western Australia,3.7
2023-11,Western Australia,3.5
2023-12,Western Australia,3.9
2024-01,Western Australia,4.8
2024-02,Western Australia,3.8
2024-03,Western Australia,3.5
2024-04,Western Australia,4
2024-05,Western Australia,3.5
2024-06,Western Australia,3.7
2024-07,Western Australia,3.5
2024-08,Western Australia,4.1
2024-09,Western Australia,3.6
2024-10,Western Australia,3.9
2024-11,Western Australia,3
2024-12,Western Australia,3.1
2025-01,Western Australia,4.1
2025-02,Western Australia,3.6
2025-03,Western Australia,3.8
2025-04,Western Australia,4.2
2025-05,Western Australia,3.8
2025-06,Western Australia,4.1
2025-07,Western Australia,4
2025-08,Western Australia,4
1991-07,Tasmania,10.4
1991-08,Tasmania,10.9
1991-09,Tasmania,11.2
1991-10,Tasmania,10.3
1991-11,Tasmania,11.4
1991-12,Tasmania,11.8
1992-01,Tasmania,12.2
1992-02,Tasmania,11.7
1992-03,Tasmania,11.4
1992-04,Tasmania,10.4
1992-05,Tasmania,10.6
1992-06,Tasmania,11.7
1992-07,Tasmania,11.2
1992-08,Tasmania,11.1
1992-09,Tasmania,11.5
1992-10,Tasmania,11.9
1992-11,Tasmania,11.2
1992-12,Tasmania,12.6
1993-01,Tasmania,13.6
1993-02,Tasmania,12.9
1993-03,Tasmania,12.1
1993-04,Tasmania,12.4
1993-05,Tasmania,11.6
1993-06,Tasmania,13
1993-07,Tasmania,12.3
1993-08,Tasmania,13.2
1993-09,Tasmania,12.8
1993-10,Tasmania,12.6
1993-11,Tasmania,12.2
1993-12,Tasmania,12.1
1994-01,Tasmania,12.8
1994-02,Tasmania,12.3
1994-03,Tasmania,11.7
1994-04,Tasmania,11.5
1994-05,Tasmania,10.7
1994-06,Tasmania,10.3
1994-07,Tasmania,10.5
1994-08,Tasmania,10.4
1994-09,Tasmania,10.8
1994-10,Tasmania,10.1
1994-11,Tasmania,10.6
1994-12,Tasmania,10.8
1995-01,Tasmania,12.1
1995-02,Tasmania,11.9
1995-03,Tasmania,10.1
1995-04,Tasmania,9.7
1995-05,Tasmania,9.9
1995-06,Tasmania,9.9
1995-07,Tasmania,9
1995-08,Tasmania,10.1
1995-09,Tasmania,9.5
1995-10,Tasmania,9
1995-11,Tasmania,10.1
1995-12,Tasmania,10.2
1996-01,Tasmania,10.7
1996-02,Tasmania,10.2
1996-03,Tasmania,10.2
1996-04,Tasmania,9.5
1996-05,Tasmania,9.8
1996-06,Tasmania,10.3
1996-07,Tasmania,10.5
1996-08,Tasmania,10
1996-09,Tasmania,10.5
1996-10,Tasmania,10.3
1996-11,Tasmania,9.8
1996-12,Tasmania,11.3
1997-01,Tasmania,11.1
1997-02,Tasmania,11.7
1997-03,Tasmania,10.5
1997-04,Tasmania,10.5
1997-05,Tasmania,10
1997-06,Tasmania,10.9
1997-07,Tasmania,11
1997-08,Tasmania,10.9
1997-09,Tasmania,10.9
1997-10,Tasmania,11.1
1997-11,Tasmania,10.6
1997-12,Tasmania,11.7
1998-01,Tasmania,10.7
1998-02,Tasmania,10.8
1998-03,Tasmania,10.5
1998-04,Tasmania,9.3
1998-05,Tasmania,9.1
1998-06,Tasmania,9.8
1998-07,Tasmania,10.2
1998-08,Tasmania,11
1998-09,Tasmania,9.9
1998-10,Tasmania,10.1
1998-11,Tasmania,9.4
1998-12,Tasmania,10.6
1999-01,Tasmania,10.6
1999-02,Tasmania,10.5
1999-03,Tasmania,10
1999-04,Tasmania,8.5
1999-05,Tasmania,9.2
1999-06,Tasmania,8.8
1999-07,Tasmania,8.4
1999-08,Tasmania,8.5
1999-09,Tasmania,9.2
1999-10,Tasmania,9
1999-11,Tasmania,9.2
1999-12,Tasmania,8.8
2000-01,Tasmania,9.3
2000-02,Tasmania,9
2000-03,Tasmania,8.4
2000-04,Tasmania,8.4
2000-05,Tasmania,8.2
2000-06,Tasmania,8.4
2000-07,Tasmania,7.6
2000-08,Tasmania,9.4
2000-09,Tasmania,9
2000-10,Tasmania,8.5
2000-11,Tasmania,8.4
2000-12,Tasmania,8.7
2001-01,Tasmania,9.7
2001-02,Tasmania,9.2
2001-03,Tasmania,8.5
2001-04,Tasmania,8.9
2001-05,Tasmania,8.2
2001-06,Tasmania,8.8
2001-07,Tasmania,8.7
2001-08,Tasmania,10.2
2001-09,Tasmania,9.7
2001-10,Tasmania,8.8
2001-11,Tasmania,8.4
2001-12,Tasmania,8.5
2002-01,Tasmania,10.2
2002-02,Tasmania,9.5
2002-03,Tasmania,8.4
2002-04,Tasmania,7.9
2002-05,Tasmania,8.1
2002-06,Tasmania,8.2
2002-07,Tasmania,8.6
2002-08,Tasmania,8.8
2002-09,Tasmania,9.6
2002-10,Tasmania,8.2
2002-11,Tasmania,7.6
2002-12,Tasmania,9.1
2003-01,Tasmania,9.2
2003-02,Tasmania,10
2003-03,Tasmania,9.3
2003-04,Tasmania,7.4
2003-05,Tasmania,7.8
2003-06,Tasmania,8.2
2003-07,Tasmania,6.6
2003-08,Tasmania,7.6
2003-09,Tasmania,7.5
2003-10,Tasmania,7
2003-11,Tasmania,7
2003-12,Tasmania,6.5
2004-01,Tasmania,6.5
2004-02,Tasmania,7.4
2004-03,Tasmania,6.5
2004-04,Tasmania,5.7
2004-05,Tasmania,6
2004-06,Tasmania,6.5
2004-07,Tasmania,6.6
2004-08,Tasmania,6.6
2004-09,Tasmania,7.3
2004-10,Tasmania,6.4
2004-11,Tasmania,5.9
2004-12,Tasmania,5.8
2005-01,Tasmania,5.8
2005-02,Tasmania,6.4
2005-03,Tasmania,6.1
2005-04,Tasmania,6.1
2005-05,Tasmania,5.3
2005-06,Tasmania,5.6
2005-07,Tasmania,5.8
2005-08,Tasmania,6.1
2005-09,Tasmania,6.6
2005-10,Tasmania,7.4
2005-11,Tasmania,7
2005-12,Tasmania,6
2006-01,Tasmania,6.8
2006-02,Tasmania,7.5
2006-03,Tasmania,6.8
2006-04,Tasmania,5.7
2006-05,Tasmania,6.2
2006-06,Tasmania,6.3
2006-07,Tasmania,5.8
2006-08,Tasmania,6.2
2006-09,Tasmania,7
2006-10,Tasmania,6.4
2006-11,Tasmania,5.9
2006-12,Tasmania,5.7
2007-01,Tasmania,5.6
2007-02,Tasmania,6
2007-03,Tasmania,5.4
2007-04,Tasmania,4.7
2007-05,Tasmania,3.8
2007-06,Tasmania,4.9
2007-07,Tasmania,4.8
2007-08,Tasmania,5.4
2007-09,Tasmania,5.3
2007-10,Tasmania,6
2007-11,Tasmania,5.2
2007-12,Tasmania,5.3
2008-01,Tasmania,4.9
2008-02,Tasmania,5.6
2008-03,Tasmania,4.9
2008-04,Tasmania,3.5
2008-05,Tasmania,3.7
2008-06,Tasmania,3.8
2008-07,Tasmania,4.5
2008-08,Tasmania,3.9
2008-09,Tasmania,4
2008-10,Tasmania,3.9
2008-11,Tasmania,4.7
2008-12,Tasmania,5
2009-01,Tasmania,4.6
2009-02,Tasmania,5
2009-03,Tasmania,4.4
2009-04,Tasmania,5.4
2009-05,Tasmania,5.1
2009-06,Tasmania,4.2
2009-07,Tasmania,3.7
2009-08,Tasmania,5.1
2009-09,Tasmania,5.7
2009-10,Tasmania,5.9
2009-11,Tasmania,5.5
2009-12,Tasmania,5.5
2010-01,Tasmania,5.3
2010-02,Tasmania,7.4
2010-03,Tasmania,5.6
2010-04,Tasmania,5.4
2010-05,Tasmania,5.6
2010-06,Tasmania,6
2010-07,Tasmania,6.1
2010-08,Tasmania,6
2010-09,Tasmania,5.2
2010-10,Tasmania,5.4
2010-11,Tasmania,5.6
2010-12,Tasmania,5.2
2011-01,Tasmania,6.4
2011-02,Tasmania,6.5
2011-03,Tasmania,5.5
2011-04,Tasmania,4.8
2011-05,Tasmania,5.5
2011-06,Tasmania,5
2011-07,Tasmania,4.9
2011-08,Tasmania,5.2
2011-09,Tasmania,4.7
2011-10,Tasmania,5.3
2011-11,Tasmania,6.4
2011-12,Tasmania,6.4
2012-01,Tasmania,7.2
2012-02,Tasmania,8.1
2012-03,Tasmania,6.9
2012-04,Tasmania,7.4
2012-05,Tasmania,6.2
2012-06,Tasmania,6.9
2012-07,Tasmania,6
2012-08,Tasmania,6.7
2012-09,Tasmania,7.2
2012-10,Tasmania,6.6
2012-11,Tasmania,6.9
2012-12,Tasmania,7.4
2013-01,Tasmania,8.2
2013-02,Tasmania,7.6
2013-03,Tasmania,7.3
2013-04,Tasmania,7.1
2013-05,Tasmania,7
2013-06,Tasmania,8.7
2013-07,Tasmania,7.6
2013-08,Tasmania,8.1
2013-09,Tasmania,7.9
2013-10,Tasmania,7.5
2013-11,Tasmania,7.7
2013-12,Tasmania,7.6
2014-01,Tasmania,8.2
2014-02,Tasmania,8.2
2014-03,Tasmania,7.6
2014-04,Tasmania,7.2
2014-05,Tasmania,7
2014-06,Tasmania,7.2
2014-07,Tasmania,7.1
2014-08,Tasmania,7
2014-09,Tasmania,7.4
2014-10,Tasmania,6.4
2014-11,Tasmania,6.7
2014-12,Tasmania,6.6
2015-01,Tasmania,7.1
2015-02,Tasmania,6.8
2015-03,Tasmania,6.5
2015-04,Tasmania,7.1
2015-05,Tasmania,6.6
2015-06,Tasmania,6.4
2015-07,Tasmania,6.4
2015-08,Tasmania,6.3
2015-09,Tasmania,5.8
2015-10,Tasmania,6.3
2015-11,Tasmania,6.4
2015-12,Tasmania,6.7
2016-01,Tasmania,7
2016-02,Tasmania,7.1
2016-03,Tasmania,6.7
2016-04,Tasmania,6.1
2016-05,Tasmania,6.1
2016-06,Tasmania,6.5
2016-07,Tasmania,6
2016-08,Tasmania,7.2
2016-09,Tasmania,6.3
2016-10,Tasmania,6.2
2016-11,Tasmania,6.2
2016-12,Tasmania,6.4
2017-01,Tasmania,5.9
2017-02,Tasmania,6
2017-03,Tasmania,6.1
2017-04,Tasmania,5.6
2017-05,Tasmania,5.7
2017-06,Tasmania,5.4
2017-07,Tasmania,6.2
2017-08,Tasmania,6
2017-09,Tasmania,5.4
2017-10,Tasmania,6
2017-11,Tasmania,5.7
2017-12,Tasmania,6.1
2018-01,Tasmania,5.4
2018-02,Tasmania,6.3
2018-03,Tasmania,6.2
2018-04,Tasmania,5.8
2018-05,Tasmania,6.4
2018-06,Tasmania,5.6
2018-07,Tasmania,6.6
2018-08,Tasmania,5.9
2018-09,Tasmania,5.6
2018-10,Tasmania,5.1
2018-11,Tasmania,5.7
2018-12,Tasmania,6.1
2019-01,Tasmania,7.3
2019-02,Tasmania,7.1
2019-03,Tasmania,6.9
2019-04,Tasmania,6.9
2019-05,Tasmania,6.3
2019-06,Tasmania,6.7
2019-07,Tasmania,6.4
2019-08,Tasmania,6.7
2019-09,Tasmania,6.1
2019-10,Tasmania,5.7
2019-11,Tasmania,5.8
2019-12,Tasmania,5.6
2020-01,Tasmania,6.2
2020-02,Tasmania,5.2
2020-03,Tasmania,5.1
2020-04,Tasmania,6.1
2020-05,Tasmania,6.3
2020-06,Tasmania,6.9
2020-07,Tasmania,6.4
2020-08,Tasmania,6.5
2020-09,Tasmania,7.5
2020-10,Tasmania,7.6
2020-11,Tasmania,7.5
2020-12,Tasmania,6.9
2021-01,Tasmania,6.4
2021-02,Tasmania,6
2021-03,Tasmania,6
2021-04,Tasmania,6.1
2021-05,Tasmania,5.6
2021-06,Tasmania,4.7
2021-07,Tasmania,4.9
2021-08,Tasmania,5.5
2021-09,Tasmania,4.7
2021-10,Tasmania,4.8
2021-11,Tasmania,4.9
2021-12,Tasmania,3.9
2022-01,Tasmania,4
2022-02,Tasmania,4
2022-03,Tasmania,4.4
2022-04,Tasmania,4
2022-05,Tasmania,4.4
2022-06,Tasmania,4.4
2022-07,Tasmania,3.9
2022-08,Tasmania,5
2022-09,Tasmania,4.3
2022-10,Tasmania,3.9
2022-11,Tasmania,3.5
2022-12,Tasmania,3.5
2023-01,Tasmania,4.4
2023-02,Tasmania,3.7
2023-03,Tasmania,4.2
2023-04,Tasmania,3.9
2023-05,Tasmania,4.2
2023-06,Tasmania,3.6
2023-07,Tasmania,5
2023-08,Tasmania,4.9
2023-09,Tasmania,4.3
2023-10,Tasmania,4
2023-11,Tasmania,3.5
2023-12,Tasmania,3.3
2024-01,Tasmania,4.9
2024-02,Tasmania,4.4
2024-03,Tasmania,3.7
2024-04,Tasmania,3.9
2024-05,Tasmania,4
2024-06,Tasmania,3.6
2024-07,Tasmania,4.7
2024-08,Tasmania,5
2024-09,Tasmania,4.1
2024-10,Tasmania,4
2024-11,Tasmania,3.6
2024-12,Tasmania,4
2025-01,Tasmania,3.8
2025-02,Tasmania,4.1
2025-03,Tasmania,3.9
2025-04,Tasmania,3.5
2025-05,Tasmania,4
2025-06,Tasmania,3.6
2025-07,Tasmania,4.2
2025-08,Tasmania,3.7
1991-07,Northern Territory,8.4
1991-08,Northern Territory,8.4
1991-09,Northern Territory,8.4
1991-10,Northern Territory,9.8
1991-11,Northern Territory,9.1
1991-12,Northern Territory,8.9
1992-01,Northern Territory,10
1992-02,Northern Territory,9.7
1992-03,Northern Territory,8.5
1992-04,Northern Territory,5.7
1992-05,Northern Territory,6.6
1992-06,Northern Territory,6.7
1992-07,Northern Territory,8.4
1992-08,Northern Territory,5.2
1992-09,Northern Territory,7.4
1992-10,Northern Territory,6.5
1992-11,Northern Territory,8.7
1992-12,Northern Territory,8.9
1993-01,Northern Territory,8.5
1993-02,Northern Territory,10.4
1993-03,Northern Territory,9.9
1993-04,Northern Territory,7.8
1993-05,Northern Territory,7
1993-06,Northern Territory,7.6
1993-07,Northern Territory,7.4
1993-08,Northern Territory,7.8
1993-09,Northern Territory,6.4
1993-10,Northern Territory,5.9
1993-11,Northern Territory,7.3
1993-12,Northern Territory,6.9
1994-01,Northern Territory,8.6
1994-02,Northern Territory,9.1
1994-03,Northern Territory,6.8
1994-04,Northern Territory,7.4
1994-05,Northern Territory,6.2
1994-06,Northern Territory,6.2
1994-07,Northern Territory,6.9
1994-08,Northern Territory,7
1994-09,Northern Territory,8.2
1994-10,Northern Territory,7.4
1994-11,Northern Territory,7.2
1994-12,Northern Territory,7.1
1995-01,Northern Territory,8.4
1995-02,Northern Territory,8.4
1995-03,Northern Territory,6.8
1995-04,Northern Territory,6.2
1995-05,Northern Territory,5.9
1995-06,Northern Territory,5.8
1995-07,Northern Territory,7.5
1995-08,Northern Territory,7.1
1995-09,Northern Territory,6.9
1995-10,Northern Territory,7.4
1995-11,Northern Territory,6.8
1995-12,Northern Territory,6.7
1996-01,Northern Territory,7.1
1996-02,Northern Territory,7.3
1996-03,Northern Territory,8
1996-04,Northern Territory,8.1
1996-05,Northern Territory,6.4
1996-06,Northern Territory,4.8
1996-07,Northern Territory,6.5
1996-08,Northern Territory,5
1996-09,Northern Territory,5.6
1996-10,Northern Territory,4.6
1996-11,Northern Territory,4.8
1996-12,Northern Territory,5.1
1997-01,Northern Territory,7.8
1997-02,Northern Territory,7
1997-03,Northern Territory,5.8
1997-04,Northern Territory,6.2
1997-05,Northern Territory,5.5
1997-06,Northern Territory,5.1
1997-07,Northern Territory,4.3
1997-08,Northern Territory,5.1
1997-09,Northern Territory,4.9
1997-10,Northern Territory,3
1997-11,Northern Territory,3.9
1997-12,Northern Territory,4.7
1998-01,Northern Territory,5.1
1998-02,Northern Territory,7.1
1998-03,Northern Territory,6.7
1998-04,Northern Territory,5
1998-05,Northern Territory,4.8
1998-06,Northern Territory,4
1998-07,Northern Territory,4.9
1998-08,Northern Territory,3.9
1998-09,Northern Territory,4.7
1998-10,Northern Territory,2.8
1998-11,Northern Territory,4.1
1998-12,Northern Territory,3.2
1999-01,Northern Territory,3.7
1999-02,Northern Territory,3.4
1999-03,Northern Territory,5
1999-04,Northern Territory,3.3
1999-05,Northern Territory,3.3
1999-06,Northern Territory,3.1
1999-07,Northern Territory,3.5
1999-08,Northern Territory,2.8
1999-09,Northern Territory,3.7
1999-10,Northern Territory,3.3
1999-11,Northern Territory,2.8
1999-12,Northern Territory,4.5
2000-01,Northern Territory,5.2
2000-02,Northern Territory,5.6
2000-03,Northern Territory,3.4
2000-04,Northern Territory,4.4
2000-05,Northern Territory,4.5
2000-06,Northern Territory,3.9
2000-07,Northern Territory,4.1
2000-08,Northern Territory,3.3
2000-09,Northern Territory,4.7
2000-10,Northern Territory,3.7
2000-11,Northern Territory,5
2000-12,Northern Territory,5.9
2001-01,Northern Territory,6.6
2001-02,Northern Territory,6.4
2001-03,Northern Territory,4.6
2001-04,Northern Territory,6.2
2001-05,Northern Territory,7.5
2001-06,Northern Territory,7.3
2001-07,Northern Territory,6.6
2001-08,Northern Territory,7.1
2001-09,Northern Territory,5.8
2001-10,Northern Territory,7.1
2001-11,Northern Territory,7.5
2001-12,Northern Territory,7.3
2002-01,Northern Territory,9.3
2002-02,Northern Territory,6.7
2002-03,Northern Territory,7.3
2002-04,Northern Territory,6.5
2002-05,Northern Territory,4.7
2002-06,Northern Territory,4.9
2002-07,Northern Territory,4.4
2002-08,Northern Territory,5
2002-09,Northern Territory,4.1
2002-10,Northern Territory,5.2
2002-11,Northern Territory,4.2
2002-12,Northern Territory,5.3
2003-01,Northern Territory,6
2003-02,Northern Territory,5.6
2003-03,Northern Territory,5.9
2003-04,Northern Territory,6.6
2003-05,Northern Territory,7.1
2003-06,Northern Territory,5.8
2003-07,Northern Territory,4.4
2003-08,Northern Territory,4.8
2003-09,Northern Territory,6.6
2003-10,Northern Territory,5.7
2003-11,Northern Territory,4.3
2003-12,Northern Territory,5.2
2004-01,Northern Territory,5.4
2004-02,Northern Territory,5.6
2004-03,Northern Territory,4.7
2004-04,Northern Territory,4.3
2004-05,Northern Territory,6
2004-06,Northern Territory,6.2
2004-07,Northern Territory,6.2
2004-08,Northern Territory,5.8
2004-09,Northern Territory,7.1
2004-10,Northern Territory,4.9
2004-11,Northern Territory,5
2004-12,Northern Territory,5.4
2005-01,Northern Territory,6.8
2005-02,Northern Territory,6.6
2005-03,Northern Territory,5.8
2005-04,Northern Territory,5
2005-05,Northern Territory,5.8
2005-06,Northern Territory,4.8
2005-07,Northern Territory,5.4
2005-08,Northern Territory,4.1
2005-09,Northern Territory,4.8
2005-10,Northern Territory,4.3
2005-11,Northern Territory,4.9
2005-12,Northern Territory,6.6
2006-01,Northern Territory,7.8
2006-02,Northern Territory,7.8
2006-03,Northern Territory,5
2006-04,Northern Territory,5.7
2006-05,Northern Territory,5.8
2006-06,Northern Territory,4.8
2006-07,Northern Territory,4.3
2006-08,Northern Territory,4.2
2006-09,Northern Territory,3.2
2006-10,Northern Territory,2.6
2006-11,Northern Territory,3
2006-12,Northern Territory,2.3
2007-01,Northern Territory,2.4
2007-02,Northern Territory,4.3
2007-03,Northern Territory,4.6
2007-04,Northern Territory,5
2007-05,Northern Territory,5.3
2007-06,Northern Territory,4.6
2007-07,Northern Territory,4
2007-08,Northern Territory,4.4
2007-09,Northern Territory,3.8
2007-10,Northern Territory,3.9
2007-11,Northern Territory,5.8
2007-12,Northern Territory,4.9
2008-01,Northern Territory,5.4
2008-02,Northern Territory,5.4
2008-03,Northern Territory,4.5
2008-04,Northern Territory,4.2
2008-05,Northern Territory,3.4
2008-06,Northern Territory,3.6
2008-07,Northern Territory,2.2
2008-08,Northern Territory,2
2008-09,Northern Territory,2.7
2008-10,Northern Territory,3.1
2008-11,Northern Territory,4.5
2008-12,Northern Territory,3.4
2009-01,Northern Territory,5.1
2009-02,Northern Territory,4.1
2009-03,Northern Territory,4.4
2009-04,Northern Territory,4.4
2009-05,Northern Territory,3.6
2009-06,Northern Territory,3.5
2009-07,Northern Territory,4.2
2009-08,Northern Territory,3.2
2009-09,Northern Territory,3.3
2009-10,Northern Territory,2.6
2009-11,Northern Territory,2.9
2009-12,Northern Territory,3.3
2010-01,Northern Territory,5.1
2010-02,Northern Territory,3.5
2010-03,Northern Territory,3.5
2010-04,Northern Territory,3.2
2010-05,Northern Territory,2.6
2010-06,Northern Territory,2.7
2010-07,Northern Territory,2.3
2010-08,Northern Territory,2.9
2010-09,Northern Territory,2.9
2010-10,Northern Territory,2.4
2010-11,Northern Territory,2.8
2010-12,Northern Territory,2
2011-01,Northern Territory,2.6
2011-02,Northern Territory,3.1
2011-03,Northern Territory,3
2011-04,Northern Territory,3.2
2011-05,Northern Territory,4.4
2011-06,Northern Territory,3.4
2011-07,Northern Territory,4.7
2011-08,Northern Territory,3.4
2011-09,Northern Territory,3.1
2011-10,Northern Territory,4.1
2011-11,Northern Territory,5
2011-12,Northern Territory,4.3
2012-01,Northern Territory,5.2
2012-02,Northern Territory,5.1
2012-03,Northern Territory,3.9
2012-04,Northern Territory,4.4
2012-05,Northern Territory,4.8
2012-06,Northern Territory,4.3
2012-07,Northern Territory,3.9
2012-08,Northern Territory,4.2
2012-09,Northern Territory,2.8
2012-10,Northern Territory,5
2012-11,Northern Territory,2.7
2012-12,Northern Territory,4
2013-01,Northern Territory,5.1
2013-02,Northern Territory,5.2
2013-03,Northern Territory,4.9
2013-04,Northern Territory,5.8
2013-05,Northern Territory,6.1
2013-06,Northern Territory,5.9
2013-07,Northern Territory,5.2
2013-08,Northern Territory,5.6
2013-09,Northern Territory,5.1
2013-10,Northern Territory,4.5
2013-11,Northern Territory,3.9
2013-12,Northern Territory,3.7
2014-01,Northern Territory,4.3
2014-02,Northern Territory,3.9
2014-03,Northern Territory,4.2
2014-04,Northern Territory,3.8
2014-05,Northern Territory,2.9
2014-06,Northern Territory,5.1
2014-07,Northern Territory,5.5
2014-08,Northern Territory,4
2014-09,Northern Territory,3.5
2014-10,Northern Territory,2.9
2014-11,Northern Territory,3.7
2014-12,Northern Territory,3.3
2015-01,Northern Territory,4
2015-02,Northern Territory,4.5
2015-03,Northern Territory,4.3
2015-04,Northern Territory,4.5
2015-05,Northern Territory,4.4
2015-06,Northern Territory,4.7
2015-07,Northern Territory,3.8
2015-08,Northern Territory,4.9
2015-09,Northern Territory,5
2015-10,Northern Territory,3.4
2015-11,Northern Territory,3.6
2015-12,Northern Territory,3.3
2016-01,Northern Territory,4.4
2016-02,Northern Territory,5.1
2016-03,Northern Territory,4.8
2016-04,Northern Territory,4.1
2016-05,Northern Territory,3.6
2016-06,Northern Territory,3.6
2016-07,Northern Territory,3.4
2016-08,Northern Territory,3.9
2016-09,Northern Territory,3.6
2016-10,Northern Territory,3.9
2016-11,Northern Territory,4.1
2016-12,Northern Territory,4.3
2017-01,Northern Territory,5.3
2017-02,Northern Territory,4.7
2017-03,Northern Territory,5.7
2017-04,Northern Territory,5.8
2017-05,Northern Territory,4.5
2017-06,Northern Territory,5.1
2017-07,Northern Territory,5
2017-08,Northern Territory,5.1
2017-09,Northern Territory,5.2
2017-10,Northern Territory,4.7
2017-11,Northern Territory,5.6
2017-12,Northern Territory,5.8
2018-01,Northern Territory,5.2
2018-02,Northern Territory,5.7
2018-03,Northern Territory,5.6
2018-04,Northern Territory,5.7
2018-05,Northern Territory,5.2
2018-06,Northern Territory,5.7
2018-07,Northern Territory,5.8
2018-08,Northern Territory,5.1
2018-09,Northern Territory,5.1
2018-10,Northern Territory,5.7
2018-11,Northern Territory,5.3
2018-12,Northern Territory,5.5
2019-01,Northern Territory,5.8
2019-02,Northern Territory,6.6
2019-03,Northern Territory,5.4
2019-04,Northern Territory,6
2019-05,Northern Territory,6.1
2019-06,Northern Territory,5.9
2019-07,Northern Territory,6.3
2019-08,Northern Territory,6.2
2019-09,Northern Territory,6.8
2019-10,Northern Territory,6.5
2019-11,Northern Territory,6.1
2019-12,Northern Territory,5.4
2020-01,Northern Territory,6.3
2020-02,Northern Territory,7.3
2020-03,Northern Territory,7.1
2020-04,Northern Territory,7.3
2020-05,Northern Territory,8.2
2020-06,Northern Territory,7.1
2020-07,Northern Territory,8.4
2020-08,Northern Territory,6.2
2020-09,Northern Territory,5.9
2020-10,Northern Territory,6.7
2020-11,Northern Territory,6.1
2020-12,Northern Territory,5.6
2021-01,Northern Territory,6.1
2021-02,Northern Territory,6.3
2021-03,Northern Territory,7.1
2021-04,Northern Territory,5.6
2021-05,Northern Territory,5.9
2021-06,Northern Territory,6.2
2021-07,Northern Territory,6.2
2021-08,Northern Territory,5.5
2021-09,Northern Territory,5.2
2021-10,Northern Territory,4.8
2021-11,Northern Territory,4.6
2021-12,Northern Territory,4.8
2022-01,Northern Territory,4.7
2022-02,Northern Territory,4.5
2022-03,Northern Territory,5.3
2022-04,Northern Territory,4.8
2022-05,Northern Territory,4.6
2022-06,Northern Territory,4.7
2022-07,Northern Territory,4.2
2022-08,Northern Territory,4.3
2022-09,Northern Territory,3.8
2022-10,Northern Territory,3.8
2022-11,Northern Territory,3.8
2022-12,Northern Territory,4.6
2023-01,Northern Territory,4.3
2023-02,Northern Territory,5.6
2023-03,Northern Territory,4.8
2023-04,Northern Territory,4.1
2023-05,Northern Territory,3.9
2023-06,Northern Territory,4.1
2023-07,Northern Territory,4.7
2023-08,Northern Territory,4.8
2023-09,Northern Territory,4.2
2023-10,Northern Territory,4.1
2023-11,Northern Territory,4.6
2023-12,Northern Territory,4.3
2024-01,Northern Territory,4.3
2024-02,Northern Territory,4.5
2024-03,Northern Territory,4
2024-04,Northern Territory,4.1
2024-05,Northern Territory,4
2024-06,Northern Territory,4.6
2024-07,Northern Territory,4.3
2024-08,Northern Territory,4.2
2024-09,Northern Territory,3.9
2024-10,Northern Territory,4.3
2024-11,Northern Territory,3.6
2024-12,Northern Territory,4.1
2025-01,Northern Territory,4.7
2025-02,Northern Territory,4.6
2025-03,Northern Territory,3.8
2025-04,Northern Territory,4.1
2025-05,Northern Territory,4
2025-06,Northern Territory,3.9
2025-07,Northern Territory,4.6
2025-08,Northern Territory,4.6
1991-07,Australian Capital Territory,6.7
1991-08,Australian Capital Territory,5.9
1991-09,Australian Capital Territory,6.2
1991-10,Australian Capital Territory,6.2
1991-11,Australian Capital Territory,5.8
1991-12,Australian Capital Territory,7.4
1992-01,Australian Capital Territory,7.8
1992-02,Australian Capital Territory,8.3
1992-03,Australian Capital Territory,8.5
1992-04,Australian Capital Territory,7.5
1992-05,Australian Capital Territory,6.2
1992-06,Australian Capital Territory,7.2
1992-07,Australian Capital Territory,8.2
1992-08,Australian Capital Territory,7.6
1992-09,Australian Capital Territory,7.9
1992-10,Australian Capital Territory,6.6
1992-11,Australian Capital Territory,6.1
1992-12,Australian Capital Territory,6.3
1993-01,Australian Capital Territory,7.8
1993-02,Australian Capital Territory,8.6
1993-03,Australian Capital Territory,8.3
1993-04,Australian Capital Territory,7
1993-05,Australian Capital Territory,6.3
1993-06,Australian Capital Territory,7.1
1993-07,Australian Capital Territory,6.8
1993-08,Australian Capital Territory,6.8
1993-09,Australian Capital Territory,7.2
1993-10,Australian Capital Territory,6.6
1993-11,Australian Capital Territory,6.2
1993-12,Australian Capital Territory,6.8
1994-01,Australian Capital Territory,8.4
1994-02,Australian Capital Territory,9
1994-03,Australian Capital Territory,6.7
1994-04,Australian Capital Territory,6.9
1994-05,Australian Capital Territory,6.5
1994-06,Australian Capital Territory,6
1994-07,Australian Capital Territory,6.2
1994-08,Australian Capital Territory,6.3
1994-09,Australian Capital Territory,7
1994-10,Australian Capital Territory,7.5
1994-11,Australian Capital Territory,5.9
1994-12,Australian Capital Territory,7.1
1995-01,Australian Capital Territory,7.8
1995-02,Australian Capital Territory,8.4
1995-03,Australian Capital Territory,8.1
1995-04,Australian Capital Territory,6.9
1995-05,Australian Capital Territory,7
1995-06,Australian Capital Territory,6.2
1995-07,Australian Capital Territory,6.2
1995-08,Australian Capital Territory,6.9
1995-09,Australian Capital Territory,6.2
1995-10,Australian Capital Territory,5.8
1995-11,Australian Capital Territory,6.7
1995-12,Australian Capital Territory,7.1
1996-01,Australian Capital Territory,8.2
1996-02,Australian Capital Territory,8.7
1996-03,Australian Capital Territory,8.7
1996-04,Australian Capital Territory,8.5
1996-05,Australian Capital Territory,8.1
1996-06,Australian Capital Territory,7.5
1996-07,Australian Capital Territory,7.9
1996-08,Australian Capital Territory,8.6
1996-09,Australian Capital Territory,7.8
1996-10,Australian Capital Territory,7.7
1996-11,Australian Capital Territory,7.5
1996-12,Australian Capital Territory,8.4
1997-01,Australian Capital Territory,9
1997-02,Australian Capital Territory,9.2
1997-03,Australian Capital Territory,7.9
1997-04,Australian Capital Territory,7.6
1997-05,Australian Capital Territory,7.3
1997-06,Australian Capital Territory,7.5
1997-07,Australian Capital Territory,6.5
1997-08,Australian Capital Territory,7.8
1997-09,Australian Capital Territory,7.4
1997-10,Australian Capital Territory,7.3
1997-11,Australian Capital Territory,7
1997-12,Australian Capital Territory,7.4
1998-01,Australian Capital Territory,8.3
1998-02,Australian Capital Territory,8.4
1998-03,Australian Capital Territory,7.7
1998-04,Australian Capital Territory,7
1998-05,Australian Capital Territory,6.9
1998-06,Australian Capital Territory,5.8
1998-07,Australian Capital Territory,6.7
1998-08,Australian Capital Territory,6.3
1998-09,Australian Capital Territory,6.2
1998-10,Australian Capital Territory,5.7
1998-11,Australian Capital Territory,5.6
1998-12,Australian Capital Territory,5.7
1999-01,Australian Capital Territory,6.6
1999-02,Australian Capital Territory,6.9
1999-03,Australian Capital Territory,6.6
1999-04,Australian Capital Territory,5.6
1999-05,Australian Capital Territory,5.9
1999-06,Australian Capital Territory,4.4
1999-07,Australian Capital Territory,4.8
1999-08,Australian Capital Territory,5.3
1999-09,Australian Capital Territory,5.2
1999-10,Australian Capital Territory,5
1999-11,Australian Capital Territory,5.2
1999-12,Australian Capital Territory,4.9
2000-01,Australian Capital Territory,5.8
2000-02,Australian Capital Territory,5.5
2000-03,Australian Capital Territory,5
2000-04,Australian Capital Territory,4.6
2000-05,Australian Capital Territory,4.9
2000-06,Australian Capital Territory,4.3
2000-07,Australian Capital Territory,3.6
2000-08,Australian Capital Territory,3.5
2000-09,Australian Capital Territory,4.3
2000-10,Australian Capital Territory,3.5
2000-11,Australian Capital Territory,3.7
2000-12,Australian Capital Territory,3.8
2001-01,Australian Capital Territory,4.8
2001-02,Australian Capital Territory,5.5
2001-03,Australian Capital Territory,5
2001-04,Australian Capital Territory,5.7
2001-05,Australian Capital Territory,5.8
2001-06,Australian Capital Territory,5.6
2001-07,Australian Capital Territory,5.5
2001-08,Australian Capital Territory,4.4
2001-09,Australian Capital Territory,4.4
2001-10,Australian Capital Territory,3.9
2001-11,Australian Capital Territory,3.8
2001-12,Australian Capital Territory,4
2002-01,Australian Capital Territory,5.2
2002-02,Australian Capital Territory,5
2002-03,Australian Capital Territory,4.4
2002-04,Australian Capital Territory,4.3
2002-05,Australian Capital Territory,4.8
2002-06,Australian Capital Territory,4.5
2002-07,Australian Capital Territory,3.2
2002-08,Australian Capital Territory,4.7
2002-09,Australian Capital Territory,4.3
2002-10,Australian Capital Territory,4.1
2002-11,Australian Capital Territory,4.1
2002-12,Australian Capital Territory,2.8
2003-01,Australian Capital Territory,5.1
2003-02,Australian Capital Territory,5.5
2003-03,Australian Capital Territory,5
2003-04,Australian Capital Territory,3.8
2003-05,Australian Capital Territory,4.6
2003-06,Australian Capital Territory,3.8
2003-07,Australian Capital Territory,4.1
2003-08,Australian Capital Territory,4.3
2003-09,Australian Capital Territory,4
2003-10,Australian Capital Territory,3.4
2003-11,Australian Capital Territory,3.4
2003-12,Australian Capital Territory,3.9
2004-01,Australian Capital Territory,4.1
2004-02,Australian Capital Territory,4.2
2004-03,Australian Capital Territory,4
2004-04,Australian Capital Territory,4
2004-05,Australian Capital Territory,3.5
2004-06,Australian Capital Territory,3.2
2004-07,Australian Capital Territory,3.1
2004-08,Australian Capital Territory,4
2004-09,Australian Capital Territory,4.1
2004-10,Australian Capital Territory,3.4
2004-11,Australian Capital Territory,3.3
2004-12,Australian Capital Territory,3.7
2005-01,Australian Capital Territory,3.4
2005-02,Australian Capital Territory,4.2
2005-03,Australian Capital Territory,3.6
2005-04,Australian Capital Territory,3.2
2005-05,Australian Capital Territory,3.2
2005-06,Australian Capital Territory,2.9
2005-07,Australian Capital Territory,3
2005-08,Australian Capital Territory,2.9
2005-09,Australian Capital Territory,3
2005-10,Australian Capital Territory,3.5
2005-11,Australian Capital Territory,2.9
2005-12,Australian Capital Territory,3.1
2006-01,Australian Capital Territory,3.8
2006-02,Australian Capital Territory,3.9
2006-03,Australian Capital Territory,3.4
2006-04,Australian Capital Territory,3.3
2006-05,Australian Capital Territory,3.9
2006-06,Australian Capital Territory,2.5
2006-07,Australian Capital Territory,2.4
2006-08,Australian Capital Territory,3
2006-09,Australian Capital Territory,2.7
2006-10,Australian Capital Territory,2.6
2006-11,Australian Capital Territory,2.7
2006-12,Australian Capital Territory,2.9
2007-01,Australian Capital Territory,3.6
2007-02,Australian Capital Territory,3.1
2007-03,Australian Capital Territory,3.4
2007-04,Australian Capital Territory,3.4
2007-05,Australian Capital Territory,2.9
2007-06,Australian Capital Territory,3
2007-07,Australian Capital Territory,2.5
2007-08,Australian Capital Territory,2.5
2007-09,Australian Capital Territory,2.4
2007-10,Australian Capital Territory,2.3
2007-11,Australian Capital Territory,2.8
2007-12,Australian Capital Territory,1.7
2008-01,Australian Capital Territory,2.6
2008-02,Australian Capital Territory,3.2
2008-03,Australian Capital Territory,3.5
2008-04,Australian Capital Territory,3.1
2008-05,Australian Capital Territory,2.4
2008-06,Australian Capital Territory,2.3
2008-07,Australian Capital Territory,2.5
2008-08,Australian Capital Territory,3.4
2008-09,Australian Capital Territory,2.8
2008-10,Australian Capital Territory,1.9
2008-11,Australian Capital Territory,2.2
2008-12,Australian Capital Territory,2.8
2009-01,Australian Capital Territory,2.9
2009-02,Australian Capital Territory,2.5
2009-03,Australian Capital Territory,3.8
2009-04,Australian Capital Territory,2.9
2009-05,Australian Capital Territory,4.1
2009-06,Australian Capital Territory,3.6
2009-07,Australian Capital Territory,3.3
2009-08,Australian Capital Territory,3.3
2009-09,Australian Capital Territory,3.4
2009-10,Australian Capital Territory,3.5
2009-11,Australian Capital Territory,3.4
2009-12,Australian Capital Territory,3.6
2010-01,Australian Capital Territory,4.1
2010-02,Australian Capital Territory,4.6
2010-03,Australian Capital Territory,3.6
2010-04,Australian Capital Territory,3.5
2010-05,Australian Capital Territory,3.7
2010-06,Australian Capital Territory,3.2
2010-07,Australian Capital Territory,3.3
2010-08,Australian Capital Territory,2.7
2010-09,Australian Capital Territory,2.6
2010-10,Australian Capital Territory,2.9
2010-11,Australian Capital Territory,3.2
2010-12,Australian Capital Territory,3.3
2011-01,Australian Capital Territory,3.8
2011-02,Australian Capital Territory,4.1
2011-03,Australian Capital Territory,3.3
2011-04,Australian Capital Territory,4.4
2011-05,Australian Capital Territory,4.5
2011-06,Australian Capital Territory,4.1
2011-07,Australian Capital Territory,3.6
2011-08,Australian Capital Territory,3.8
2011-09,Australian Capital Territory,3.7
2011-10,Australian Capital Territory,3.3
2011-11,Australian Capital Territory,3.7
2011-12,Australian Capital Territory,3.5
2012-01,Australian Capital Territory,3.8
2012-02,Australian Capital Territory,4
2012-03,Australian Capital Territory,4.5
2012-04,Australian Capital Territory,2.9
2012-05,Australian Capital Territory,4.2
2012-06,Australian Capital Territory,3.8
2012-07,Australian Capital Territory,3.4
2012-08,Australian Capital Territory,3.4
2012-09,Australian Capital Territory,3.8
2012-10,Australian Capital Territory,3.9
2012-11,Australian Capital Territory,3.8
2012-12,Australian Capital Territory,4
2013-01,Australian Capital Territory,5.4
2013-02,Australian Capital Territory,5.2
2013-03,Australian Capital Territory,4.8
2013-04,Australian Capital Territory,4.8
2013-05,Australian Capital Territory,3.9
2013-06,Australian Capital Territory,3.6
2013-07,Australian Capital Territory,3.5
2013-08,Australian Capital Territory,3.7
2013-09,Australian Capital Territory,4.5
2013-10,Australian Capital Territory,4
2013-11,Australian Capital Territory,3.3
2013-12,Australian Capital Territory,3.6
2014-01,Australian Capital Territory,4.2
2014-02,Australian Capital Territory,3.7
2014-03,Australian Capital Territory,4.3
2014-04,Australian Capital Territory,3.8
2014-05,Australian Capital Territory,4.4
2014-06,Australian Capital Territory,3.4
2014-07,Australian Capital Territory,3.9
2014-08,Australian Capital Territory,5.1
2014-09,Australian Capital Territory,4.8
2014-10,Australian Capital Territory,5.7
2014-11,Australian Capital Territory,4.1
2014-12,Australian Capital Territory,4
2015-01,Australian Capital Territory,5
2015-02,Australian Capital Territory,5.5
2015-03,Australian Capital Territory,4.9
2015-04,Australian Capital Territory,4.3
2015-05,Australian Capital Territory,4.3
2015-06,Australian Capital Territory,3.6
2015-07,Australian Capital Territory,4.5
2015-08,Australian Capital Territory,5.4
2015-09,Australian Capital Territory,5.1
2015-10,Australian Capital Territory,5
2015-11,Australian Capital Territory,4.7
2015-12,Australian Capital Territory,4.8
2016-01,Australian Capital Territory,5.2
2016-02,Australian Capital Territory,5.4
2016-03,Australian Capital Territory,4
2016-04,Australian Capital Territory,4
2016-05,Australian Capital Territory,3.8
2016-06,Australian Capital Territory,3.1
2016-07,Australian Capital Territory,3.5
2016-08,Australian Capital Territory,3.6
2016-09,Australian Capital Territory,3.5
2016-10,Australian Capital Territory,3.6
2016-11,Australian Capital Territory,4
2016-12,Australian Capital Territory,3.5
2017-01,Australian Capital Territory,4.1
2017-02,Australian Capital Territory,4.7
2017-03,Australian Capital Territory,4.1
2017-04,Australian Capital Territory,3.7
2017-05,Australian Capital Territory,3.7
2017-06,Australian Capital Territory,4.8
2017-07,Australian Capital Territory,4.5
2017-08,Australian Capital Territory,4.2
2017-09,Australian Capital Territory,4.1
2017-10,Australian Capital Territory,3.5
2017-11,Australian Capital Territory,4
2017-12,Australian Capital Territory,4.1
2018-01,Australian Capital Territory,4.8
2018-02,Australian Capital Territory,4.7
2018-03,Australian Capital Territory,4.3
2018-04,Australian Capital Territory,3.8
2018-05,Australian Capital Territory,3.5
2018-06,Australian Capital Territory,3.4
2018-07,Australian Capital Territory,3.6
2018-08,Australian Capital Territory,4
2018-09,Australian Capital Territory,3.5
2018-10,Australian Capital Territory,3.5
2018-11,Australian Capital Territory,2.5
2018-12,Australian Capital Territory,3.7
2019-01,Australian Capital Territory,3.8
2019-02,Australian Capital Territory,3.7
2019-03,Australian Capital Territory,4.1
2019-04,Australian Capital Territory,4.7
2019-05,Australian Capital Territory,4.2
2019-06,Australian Capital Territory,2.6
2019-07,Australian Capital Territory,3.4
2019-08,Australian Capital Territory,4
2019-09,Australian Capital Territory,3.4
2019-10,Australian Capital Territory,3
2019-11,Australian Capital Territory,2.9
2019-12,Australian Capital Territory,3
2020-01,Australian Capital Territory,3.4
2020-02,Australian Capital Territory,3.3
2020-03,Australian Capital Territory,3.6
2020-04,Australian Capital Territory,4.2
2020-05,Australian Capital Territory,3.9
2020-06,Australian Capital Territory,4.3
2020-07,Australian Capital Territory,4.6
2020-08,Australian Capital Territory,4.5
2020-09,Australian Capital Territory,3.9
2020-10,Australian Capital Territory,3.8
2020-11,Australian Capital Territory,3.7
2020-12,Australian Capital Territory,3.7
2021-01,Australian Capital Territory,4.9
2021-02,Australian Capital Territory,5
2021-03,Australian Capital Territory,4
2021-04,Australian Capital Territory,3.6
2021-05,Australian Capital Territory,3.6
2021-06,Australian Capital Territory,4.4
2021-07,Australian Capital Territory,4.4
2021-08,Australian Capital Territory,3.8
2021-09,Australian Capital Territory,4.1
2021-10,Australian Capital Territory,6.3
2021-11,Australian Capital Territory,3.6
2021-12,Australian Capital Territory,4.4
2022-01,Australian Capital Territory,3.7
2022-02,Australian Capital Territory,3.5
2022-03,Australian Capital Territory,3.9
2022-04,Australian Capital Territory,3.3
2022-05,Australian Capital Territory,3.3
2022-06,Australian Capital Territory,3
2022-07,Australian Capital Territory,3.3
2022-08,Australian Capital Territory,2.9
2022-09,Australian Capital Territory,3.2
2022-10,Australian Capital Territory,3
2022-11,Australian Capital Territory,2.3
2022-12,Australian Capital Territory,2.8
2023-01,Australian Capital Territory,3.8
2023-02,Australian Capital Territory,3.4
2023-03,Australian Capital Territory,3.1
2023-04,Australian Capital Territory,3.1
2023-05,Australian Capital Territory,3
2023-06,Australian Capital Territory,3.6
2023-07,Australian Capital Territory,3.9
2023-08,Australian Capital Territory,3.3
2023-09,Australian Capital Territory,4
2023-10,Australian Capital Territory,3.8
2023-11,Australian Capital Territory,3.4
2023-12,Australian Capital Territory,3.9
2024-01,Australian Capital Territory,4.8
2024-02,Australian Capital Territory,4.9
2024-03,Australian Capital Territory,3.2
2024-04,Australian Capital Territory,3.8
2024-05,Australian Capital Territory,3.6
2024-06,Australian Capital Territory,2.7
2024-07,Australian Capital Territory,4
2024-08,Australian Capital Territory,3.9
2024-09,Australian Capital Territory,3.4
2024-10,Australian Capital Territory,3
2024-11,Australian Capital Territory,2.6
2024-12,Australian Capital Territory,3
2025-01,Australian Capital Territory,3.7
2025-02,Australian Capital Territory,3.1
2025-03,Australian Capital Territory,3
2025-04,Australian Capital Territory,3.9
2025-05,Australian Capital Territory,4.1
2025-06,Australian Capital Territory,3.3
2025-07,Australian Capital Territory,4.3
2025-08,Australian Capital Territory,4.6